Accession	Value1	Value2	Value3	Value4	Value5	Value6	Value7	Value8	Value9	Value10	Description
NM_006941	884	704	376	999	614	628	574	574	134	47	Transcription factor SOX-10. [Source:Uniprot/SWISSPROT;Acc:P56693]
NM_001003891	211	471	566	760	912	237	483	903	212	957	Positive cofactor 2 glutamine/Q-rich-associated protein (PC2 glutamine/Q-rich-associated protein) (TPA-inducible gene 1 protein) (TIG-1) (Activator-recruited cofactor 105 kDa component) (ARC105) (CTG repeat protein 7a). [Source:Uniprot/SWISSPROT;Acc:Q96RN5]
NM_152843	71	84	256	760	736	212	465	464	295	525	Hermansky-Pudlak syndrome 4 protein (Light-ear protein homolog). [Source:Uniprot/SWISSPROT;Acc:Q9NQG7]
NM_032050	554	133	427	871	823	834	529	760	121	371	Zinc finger protein 278 (POZ-, AT hook-, and zinc finger-containing protein) (Zinc finger sarcoma gene protein) (BTB-POZ domain zinc finger transcription factor) (Protein kinase A RI-alpha subunit- associated protein) (Zinc finger and BTB domain containin [Source:Uniprot/SWISSPROT;Acc:Q9HBE1]
NM_015166	640	230	388	279	582	37	187	859	977	230	Membrane protein MLC1. [Source:Uniprot/SWISSPROT;Acc:Q15049]
NM_014292	127	537	303	613	581	324	632	149	614	662	Chromobox protein homolog 6. [Source:Uniprot/SWISSPROT;Acc:O95503]
NM_007098	222	820	522	436	601	986	887	432	322	762	Clathrin heavy chain 2 (CLH-22). [Source:Uniprot/SWISSPROT;Acc:P53675]
NM_177405	553	27	16	463	440	385	932	625	585	942	Cat eye syndrome critical region protein 1 precursor. [Source:Uniprot/SWISSPROT;Acc:Q9NZK5]
NM_018943	596	655	335	476	750	622	79	510	237	241	Tubulin alpha-8 chain (Alpha-tubulin 8). [Source:Uniprot/SWISSPROT;Acc:Q9NY65]
NM_033070	443	368	980	558	342	638	713	388	802	336	Cat eye syndrome critical region protein 5 precursor. [Source:Uniprot/SWISSPROT;Acc:Q9BXW7]
NM_001002879	612	22	954	543	510	248	110	808	807	203	Protein C22orf19 (NF2/meningioma region protein pK1.3) (Placental protein 39.2). [Source:Uniprot/SWISSPROT;Acc:Q13769]
NM_031454	322	90	783	95	337	520	422	331	350	770	Selenoprotein O. [Source:Uniprot/SWISSPROT;Acc:Q9BVL4]
NM_001001852	440	71	462	303	653	746	245	295	345	571	Serine/threonine-protein kinase Pim-3 (EC 2.7.1.37). [Source:Uniprot/SWISSPROT;Acc:Q86V86]
NM_016327	336	496	803	586	440	825	653	244	674	976	Beta-ureidopropionase (EC 3.5.1.6) (Beta-alanine synthase) (N- carbamoyl-beta-alanine amidohydrolase) (BUP-1). [Source:Uniprot/SWISSPROT;Acc:Q9UBR1]
NM_014507	180	104	645	809	265	622	165	821	113	612	Malonyl CoA-acyl carrier protein transacylase, mitochondrial precursor (EC 2.3.1.39) (MCT) (Mitochondrial malonyltransferase). [Source:Uniprot/SWISSPROT;Acc:Q8IVS2]
NM_019106	24	464	414	375	710	598	101	46	495	868	Neuronal-specific septin-3. [Source:Uniprot/SWISSPROT;Acc:Q9UH03]
NM_000268	365	187	787	267	75	154	155	685	257	266	Merlin (Moesin-ezrin-radixin-like protein) (Schwannomin) (Schwannomerlin) (Neurofibromin 2). [Source:Uniprot/SWISSPROT;Acc:P35240]
NM_015366	938	719	802	319	833	514	48	466	383	939	Rho-GTPase-activating protein 8. [Source:Uniprot/SWISSPROT;Acc:Q9NSG0]
NM_030641	396	995	762	858	609	44	760	787	968	775	Apolipoprotein-L6 (Apolipoprotein L-VI) (ApoL-VI). [Source:Uniprot/SWISSPROT;Acc:Q9BWW8]
NM_005368	385	723	921	42	983	410	394	85	277	844	Myoglobin. [Source:Uniprot/SWISSPROT;Acc:P02144]
NM_006604	415	284	237	277	209	495	195	526	422	10	Ret finger protein-like 3. [Source:Uniprot/SWISSPROT;Acc:O75679]
NM_014246	86	839	625	665	257	124	761	129	714	813	Cadherin EGF LAG seven-pass G-type receptor 1 precursor (Flamingo homolog 2) (hFmi2). [Source:Uniprot/SWISSPROT;Acc:Q9NYQ6]
NM_012399	681	910	242	136	442	98	287	96	505	392	Phosphatidylinositol transfer protein beta isoform (PtdIns transfer protein beta) (PtdInsTP) (PI-TP-beta). [Source:Uniprot/SWISSPROT;Acc:P48739]
NR_002198	13	925	501	425	442	295	716	934	72	71	Hsc70-interacting protein (Hip) (Putative tumor suppressor ST13) (Progesterone receptor-associated p48 protein). [Source:Uniprot/SWISSPROT;Acc:P50502]
NM_004914	955	796	900	891	937	464	233	341	883	835	Ras-related protein Rab-36. [Source:Uniprot/SWISSPROT;Acc:O95755]
NM_203377	206	23	444	81	421	285	637	477	589	897	Myoglobin. [Source:Uniprot/SWISSPROT;Acc:P02144]
NM_001032364	935	746	604	461	171	973	951	823	420	596	Gamma-glutamyltranspeptidase 1 precursor (EC 2.3.2.2) (Gamma- glutamyltransferase 1) (CD224 antigen) [Contains: Gamma- glutamyltranspeptidase 1 heavy chain; Gamma-glutamyltranspeptidase 1 light chain]. [Source:Uniprot/SWISSPROT;Acc:P19440]
NM_004810	838	283	498	522	983	874	248	892	444	493	GRB2-related adaptor protein 2 (GADS protein) (Growth factor receptor binding protein) (GRBLG) (Grf40 adaptor protein) (Grf-40) (GRB-2-like protein) (GRB2L) (GRBX) (P38) (Hematopoietic cell-associated adaptor protein GrpL) (Adapter protein GRID) (SH3-SH2- [Source:Uniprot/SWISSPROT;Acc:O75791]
NM_002305	272	523	402	171	246	576	311	256	499	452	Galectin-1 (Beta-galactoside-binding lectin L-14-I) (Lactose-binding lectin 1) (S-Lac lectin 1) (Galaptin) (14 kDa lectin) (HPL) (HBL) (Putative MAPK-activating protein MP12). [Source:Uniprot/SWISSPROT;Acc:P09382]
NM_152236	312	795	990	473	320	889	361	368	695	319	GAS2-like protein 1 (Growth arrest-specific 2-like 1) (GAS2-related protein on chromosome 22) (GAR22 protein). [Source:Uniprot/SWISSPROT;Acc:Q99501]
NM_032608	200	97	895	201	183	42	23	971	258	101	Myosin-18B (Myosin XVIIIb). [Source:Uniprot/SWISSPROT;Acc:Q8IUG5]
NM_012143	678	471	506	711	998	418	856	338	331	44	Tuftelin-interacting protein 11. [Source:Uniprot/SWISSPROT;Acc:Q9UBB9]
NM_000487	299	456	411	176	761	555	463	553	291	205	Arylsulfatase A precursor (EC 3.1.6.8) (ASA) (Cerebroside-sulfatase) [Contains: Arylsulfatase A component B; Arylsulfatase A component C]. [Source:Uniprot/SWISSPROT;Acc:P15289]
NM_002676	137	646	714	708	678	770	424	365	241	772	Phosphomannomutase 1 (EC 5.4.2.8) (PMM 1) (PMMH-22). [Source:Uniprot/SWISSPROT;Acc:Q92871]
NM_005446	446	904	751	71	443	74	222	330	823	967	P2X purinoceptor 6 (ATP receptor) (P2X6) (Purinergic receptor) (P2XM) (Purinergic receptor P2X-like 1). [Source:Uniprot/SWISSPROT;Acc:O15547]
NM_133642	932	545	592	77	372	834	118	632	367	704	Glycosyltransferase-like protein LARGE (EC 2.4.-.-) (Acetylglucosaminyltransferase-like protein). [Source:Uniprot/SWISSPROT;Acc:O95461]
NM_013416	457	238	270	74	404	357	653	842	916	659	Neutrophil cytosol factor 4 (NCF-4) (Neutrophil NADPH oxidase factor 4) (p40-phox) (p40phox). [Source:Uniprot/SWISSPROT;Acc:Q15080]
NM_174975	387	274	72	767	513	999	222	441	832	880	SEC14-like protein 3 (Tocopherol-associated protein 2). [Source:Uniprot/SWISSPROT;Acc:Q9UDX4]
NM_004173	479	720	594	565	214	60	212	968	713	999	solute carrier family 7 (cationic amino acid transporter, y+ system), member 4 [Source:RefSeq_peptide;Acc:NP_004164]
NM_001013440	395	498	643	373	618	279	491	628	319	175	3-mercaptopyruvate sulfurtransferase (EC 2.8.1.2) (MST). [Source:Uniprot/SWISSPROT;Acc:P25325]
NM_002133	634	244	744	880	180	813	844	862	266	799	Heme oxygenase 1 (EC 1.14.99.3) (HO-1). [Source:Uniprot/SWISSPROT;Acc:P09601]
NM_003678	120	448	936	508	831	815	279	305	477	184	Protein C22orf19 (NF2/meningioma region protein pK1.3) (Placental protein 39.2). [Source:Uniprot/SWISSPROT;Acc:Q13769]
NM_014433	977	607	944	997	908	677	238	343	979	762	Rhabdoid tumor deletion region protein 1. [Source:Uniprot/SWISSPROT;Acc:Q9UHP6]
NM_017929	202	434	835	600	126	397	592	822	655	178	Peroxisome assembly protein 26 (Peroxin-26). [Source:Uniprot/SWISSPROT;Acc:Q7Z412]
NM_001024939	276	290	906	819	88	900	188	912	187	869	Solute carrier family 2, facilitated glucose transporter member 11 (Glucose transporter type 11) (Glucose transporter type 10). [Source:Uniprot/SWISSPROT;Acc:Q9BYW1]
NM_002854	249	494	126	64	441	172	596	369	716	756	Parvalbumin alpha. [Source:Uniprot/SWISSPROT;Acc:P20472]
NM_001097	652	656	863	188	57	363	877	42	914	230	Acrosin precursor (EC 3.4.21.10) [Contains: Acrosin light chain; Acrosin heavy chain]. [Source:Uniprot/SWISSPROT;Acc:P10323]
NM_032758	889	367	236	215	544	184	610	121	239	381	PHD finger-like domain protein 5A (Splicing factor 3B associated 14 kDa protein) (SF3b14b). [Source:Uniprot/SWISSPROT;Acc:Q7RTV0]
NM_031910	617	965	137	317	155	634	343	896	332	828	Complement C1q tumor necrosis factor-related protein 6 precursor. [Source:Uniprot/SWISSPROT;Acc:Q9BXI9]
NM_021822	172	410	75	862	893	916	121	322	875	435	DNA dC->dU editing enzyme APOBEC-3G (EC 3.5.4.-) (APOBEC-related cytidine deaminase) (ARCD) (APOBEC-related protein) (ARP-9) (CEM15) (CEM-15). [Source:Uniprot/SWISSPROT;Acc:Q9HC16]
NM_181829	531	129	520	759	411	28	917	141	959	52	Merlin (Moesin-ezrin-radixin-like protein) (Schwannomin) (Schwannomerlin) (Neurofibromin 2). [Source:Uniprot/SWISSPROT;Acc:P35240]
NM_033257	592	651	527	963	283	475	840	236	141	952	DGCR6L protein (DiGeorge syndrome critical region 6-like protein). [Source:Uniprot/SWISSPROT;Acc:Q9BY27]
NM_058238	20	586	254	609	596	590	915	0	126	427	Wnt-7b protein precursor. [Source:Uniprot/SWISSPROT;Acc:P56706]
NM_001003689	525	604	611	267	553	588	347	342	441	695	Lethal(3)malignant brain tumor-like 2 protein (L(3)mbt-like 2 protein) (H-l(3)mbt-like protein). [Source:Uniprot/SWISSPROT;Acc:Q969R5]
NM_003312	372	230	884	58	161	388	361	201	739	448	Thiosulfate sulfurtransferase (EC 2.8.1.1) (Rhodanese). [Source:Uniprot/SWISSPROT;Acc:Q16762]
NM_032644	355	26	848	333	144	58	343	705	582	729	Peroxisome proliferator activated receptor alpha (PPAR-alpha). [Source:Uniprot/SWISSPROT;Acc:Q07869]
NM_003560	456	780	768	983	102	48	24	995	872	922	85 kDa calcium-independent phospholipase A2 (EC 3.1.1.4) (iPLA2) (CaI- PLA2) (Group VI phospholipase A2) (GVI PLA2). [Source:Uniprot/SWISSPROT;Acc:O60733]
NM_134269	63	256	867	850	784	845	40	922	574	131	Smoothelin. [Source:Uniprot/SWISSPROT;Acc:P53814]
NM_014508	191	502	537	715	284	916	554	872	225	729	Probable DNA dC->dU editing enzyme APOBEC-3C (EC 3.5.4.-) (APOBEC1- like) (Phorbolin I protein). [Source:Uniprot/SWISSPROT;Acc:Q9NRW3]
NM_021126	578	298	773	642	73	413	734	534	0	27	3-mercaptopyruvate sulfurtransferase (EC 2.8.1.2) (MST). [Source:Uniprot/SWISSPROT;Acc:P25325]
NM_181831	94	695	259	641	246	761	993	161	968	403	Merlin (Moesin-ezrin-radixin-like protein) (Schwannomin) (Schwannomerlin) (Neurofibromin 2). [Source:Uniprot/SWISSPROT;Acc:P35240]
NM_006767	659	309	318	287	270	516	77	336	727	571	Leucine-zipper-like transcriptional regulator 1 (LZTR-1). [Source:Uniprot/SWISSPROT;Acc:Q8N653]
NM_004782	933	840	621	811	21	429	442	139	17	442	Synaptosomal-associated protein 29 (SNAP-29) (Vesicle-membrane fusion protein SNAP-29) (Soluble 29 kDa NSF attachment protein). [Source:Uniprot/SWISSPROT;Acc:O95721]
NM_006953	582	637	403	739	40	72	88	468	243	59	Uroplakin-3A precursor (Uroplakin III) (UPIII). [Source:Uniprot/SWISSPROT;Acc:O75631]
NM_005160	31	826	881	183	19	348	170	838	257	752	Beta-adrenergic receptor kinase 2 (EC 2.7.1.126) (Beta-ARK-2) (G- protein coupled receptor kinase 3). [Source:Uniprot/SWISSPROT;Acc:P35626]
NM_152510	438	79	938	873	456	274	428	713	406	813	HORMA domain containing 2 [Source:RefSeq_peptide;Acc:NP_689723]
NM_006486	245	144	898	685	470	293	945	178	757	135	Fibulin-1 precursor. [Source:Uniprot/SWISSPROT;Acc:P23142]
NM_032045	296	503	596	341	40	611	979	886	881	992	Kremen protein 1 precursor (Kringle-containing protein marking the eye and the nose) (Dickkopf receptor). [Source:Uniprot/SWISSPROT;Acc:Q96MU8]
NM_001001929	137	478	992	730	494	317	863	602	500	223	Peroxisome proliferator activated receptor alpha (PPAR-alpha). [Source:Uniprot/SWISSPROT;Acc:Q07869]
NM_000343	29	496	490	670	110	937	248	747	46	996	Sodium/glucose cotransporter 1 (Na(+)/glucose cotransporter 1) (High affinity sodium-glucose cotransporter). [Source:Uniprot/SWISSPROT;Acc:P13866]
NM_014550	397	580	947	358	309	255	465	852	661	760	Caspase recruitment domain protein 10 (CARD-containing MAGUK protein 3) (Carma 3). [Source:Uniprot/SWISSPROT;Acc:Q9BWT7]
NM_001018050	80	197	309	986	228	262	636	319	652	615	DNA-directed RNA polymerase III subunit 22.9 kDa polypeptide (EC 2.7.7.6) (RPC8). [Source:Uniprot/SWISSPROT;Acc:Q9Y535]
NM_015703	24	844	908	651	608	707	412	66	969	653	Gastric cancer antigen Zg14. [Source:Uniprot/SWISSPROT;Acc:Q9Y3A4]
NM_014339	945	966	932	278	21	399	100	31	15	577	Interleukin-17 receptor precursor (IL-17 receptor). [Source:Uniprot/SWISSPROT;Acc:Q96F46]
NM_000878	310	482	477	580	647	902	513	820	179	682	Interleukin-2 receptor beta chain precursor (IL-2 receptor) (P70-75) (High affinity IL-2 receptor beta subunit) (CD122 antigen). [Source:Uniprot/SWISSPROT;Acc:P14784]
NM_001469	663	41	72	618	166	151	233	596	26	648	ATP-dependent DNA helicase II, 70 kDa subunit (Lupus Ku autoantigen protein p70) (Ku70) (70 kDa subunit of Ku antigen) (Thyroid-lupus autoantigen) (TLAA) (CTC box binding factor 75 kDa subunit) (CTCBF) (CTC75). [Source:Uniprot/SWISSPROT;Acc:P12956]
NM_000967	150	714	778	936	69	360	375	305	179	289	60S ribosomal protein L3 (HIV-1 TAR RNA binding protein B) (TARBP-B). [Source:Uniprot/SWISSPROT;Acc:P39023]
NM_006478	84	859	954	224	810	171	307	11	747	954	GAS2-like protein 1 (Growth arrest-specific 2-like 1) (GAS2-related protein on chromosome 22) (GAR22 protein). [Source:Uniprot/SWISSPROT;Acc:Q99501]
NM_020070	720	867	769	512	993	741	463	273	785	335	Immunoglobulin lambda-like polypeptide 1 precursor (Immunoglobulin- related 14.1 protein) (Immunoglobulin omega polypeptide) (Lambda 5) (CD179b antigen). [Source:Uniprot/SWISSPROT;Acc:P15814]
NM_001002837	208	170	587	792	208	162	296	613	897	663	Phosphatidylinositol 4,5-bisphosphate 5-phosphatase A (EC 3.1.3.56). [Source:Uniprot/SWISSPROT;Acc:Q15735]
NM_003347	38	805	594	178	400	812	850	909	726	252	Ubiquitin-conjugating enzyme E2 L3 (EC 6.3.2.19) (Ubiquitin-protein ligase L3) (Ubiquitin carrier protein L3) (UbcH7) (E2-F1) (L-UBC). [Source:Uniprot/SWISSPROT;Acc:P68036]
NM_002430	360	623	637	987	874	568	420	569	987	700	Probable tumor suppressor protein MN1. [Source:Uniprot/SWISSPROT;Acc:Q10571]
NM_182527	460	579	244	21	356	906	433	302	880	481	Calcium-binding protein 7 (CaBP7). [Source:Uniprot/SWISSPROT;Acc:Q86V35]
NM_018957	505	966	449	509	999	423	237	728	399	636	SH3-domain-binding protein 1 (3BP-1). [Source:Uniprot/SWISSPROT;Acc:Q9Y3L3]
NM_005318	622	720	316	189	89	815	911	654	265	610	Histone H1.0 (H1(0)) (Histone H1'). [Source:Uniprot/SWISSPROT;Acc:P07305]
NM_198856	458	523	239	639	452	500	816	229	181	425	CAP-binding protein complex interacting protein 1 isoform a [Source:RefSeq_peptide;Acc:NP_073622]
NM_152267	873	63	151	611	465	490	286	886	835	111	ring finger protein 185 [Source:RefSeq_peptide;Acc:NP_689480]
NM_005940	291	104	994	668	107	423	18	779	849	122	Stromelysin-3 precursor (EC 3.4.24.-) (Matrix metalloproteinase-11) (MMP-11) (ST3) (SL-3). [Source:Uniprot/SWISSPROT;Acc:P24347]
NM_153497	725	531	127	238	882	482	180	809	607	92	Mitogen-activated protein kinase kinase kinase 7 interacting protein 1 (TAK1-binding protein 1). [Source:Uniprot/SWISSPROT;Acc:Q15750]
NM_133633	709	2	106	117	817	904	424	994	970	267	Synapsin-3 (Synapsin III). [Source:Uniprot/SWISSPROT;Acc:O14994]
NM_003405	347	756	389	969	122	505	759	501	145	963	14-3-3 protein eta (Protein AS1). [Source:Uniprot/SWISSPROT;Acc:Q04917]
NM_005659	683	231	273	154	776	748	933	731	810	58	Ubiquitin fusion degradation protein 1 homolog (UB fusion protein 1). [Source:Uniprot/SWISSPROT;Acc:Q92890]
NM_002650	651	981	810	912	190	54	514	56	940	419	Phosphatidylinositol 4-kinase alpha (EC 2.7.1.67) (PI4-kinase) (PtdIns-4-kinase) (PI4K-alpha). [Source:Uniprot/SWISSPROT;Acc:P42356]
NM_002058	100	670	705	116	590	793	569	795	826	4	Gamma-glutamyltranspeptidase 1 precursor (EC 2.3.2.2) (Gamma- glutamyltransferase 1) (CD224 antigen) [Contains: Gamma- glutamyltranspeptidase 1 heavy chain; Gamma-glutamyltranspeptidase 1 light chain]. [Source:Uniprot/SWISSPROT;Acc:P19440]
NM_014634	973	107	442	143	669	458	720	361	714	665	Ca(2+)/calmodulin-dependent protein kinase phosphatase (EC 3.1.3.16) (CaM-kinase phosphatase) (CaMKPase) (Partner of PIX 2) (hFEM-2) (Protein phosphatase 1F). [Source:Uniprot/SWISSPROT;Acc:P49593]
NM_032051	752	262	149	540	804	442	521	942	287	185	Zinc finger protein 278 (POZ-, AT hook-, and zinc finger-containing protein) (Zinc finger sarcoma gene protein) (BTB-POZ domain zinc finger transcription factor) (Protein kinase A RI-alpha subunit- associated protein) (Zinc finger and BTB domain containin [Source:Uniprot/SWISSPROT;Acc:Q9HBE1]
NM_001008695	911	324	256	609	623	297	821	46	178	259	THAP domain protein 7. [Source:Uniprot/SWISSPROT;Acc:Q9BT49]
NM_004147	397	921	787	608	186	931	949	579	802	793	Developmentally regulated GTP-binding protein 1 (DRG 1). [Source:Uniprot/SWISSPROT;Acc:Q9Y295]
NM_148175	330	221	449	345	586	566	543	283	272	507	Peptidyl-prolyl cis-trans isomerase-like 2 (EC 5.2.1.8) (PPIase) (Rotamase) (Cyclophilin-60) (Cyclophilin-like protein Cyp-60). [Source:Uniprot/SWISSPROT;Acc:Q13356]
NM_015889	212	313	517	421	547	2	597	63	39	103	Positive cofactor 2 glutamine/Q-rich-associated protein (PC2 glutamine/Q-rich-associated protein) (TPA-inducible gene 1 protein) (TIG-1) (Activator-recruited cofactor 105 kDa component) (ARC105) (CTG repeat protein 7a). [Source:Uniprot/SWISSPROT;Acc:Q96RN5]
NM_030642	72	774	89	647	652	520	6	570	433	807	Apolipoprotein-L5 (Apolipoprotein L-V) (ApoL-V). [Source:Uniprot/SWISSPROT;Acc:Q9BWW9]
NM_014662	401	165	668	990	374	134	726	16	413	533	DEP domain containing protein 5. [Source:Uniprot/SWISSPROT;Acc:O75140]
NM_003325	401	130	396	372	218	580	617	173	902	835	HIRA protein (TUP1-like enhancer of split protein 1). [Source:Uniprot/SWISSPROT;Acc:P54198]
NM_001996	236	245	657	373	52	984	416	551	24	945	Fibulin-1 precursor. [Source:Uniprot/SWISSPROT;Acc:P23142]
NM_001024843	723	591	422	4	394	221	33	364	615	1	Trinucleotide repeat-containing 6B protein. [Source:Uniprot/SWISSPROT;Acc:Q9UPQ9]
NM_012429	328	695	644	848	975	197	755	826	637	852	SEC14-like protein 2 (Alpha-tocopherol associated protein) (TAP) (hTAP) (Supernatant protein factor) (SPF) (Squalene transfer protein). [Source:Uniprot/SWISSPROT;Acc:O76054]
NM_012324	598	689	430	661	620	248	968	137	706	67	C-jun-amino-terminal kinase interacting protein 2 (JNK-interacting protein 2) (JIP-2) (JNK MAP kinase scaffold protein 2) (Islet-brain-2) (IB-2) (Mitogen-activated protein kinase 8-interacting protein 2). [Source:Uniprot/SWISSPROT;Acc:Q13387]
NM_052839	395	843	700	533	305	245	956	819	963	676	Pannexin-2. [Source:Uniprot/SWISSPROT;Acc:Q96RD6]
NM_020461	581	788	735	681	521	355	120	530	150	341	Gamma-tubulin complex component 6 (GCP-6). [Source:Uniprot/SWISSPROT;Acc:Q96RT7]
NM_006860	313	177	523	357	674	443	929	742	48	722	Putative GTP-binding protein RAY-like (Rab-like protein 4). [Source:Uniprot/SWISSPROT;Acc:Q9BW83]
NM_145344	932	90	302	961	528	393	19	227	586	343	Apolipoprotein-L1 precursor (Apolipoprotein L-I) (Apolipoprotein L) (ApoL-I) (Apo-L) (ApoL). [Source:Uniprot/SWISSPROT;Acc:O14791]
NM_033016	731	617	233	803	611	807	331	1	31	21	Platelet-derived growth factor B chain precursor (PDGF B-chain) (Platelet-derived growth factor beta polypeptide) (PDGF-2) (c-sis) (Becaplermin). [Source:Uniprot/SWISSPROT;Acc:P01127]
NM_022727	709	464	879	690	297	229	52	593	833	359	HpaII tiny fragments locus 9c protein. [Source:Uniprot/SWISSPROT;Acc:Q8IZ69]
NM_001013694	36	757	285	297	963	901	651	89	66	697	SRR1-like protein. [Source:Uniprot/SWISSPROT;Acc:Q9UH36]
NM_206955	293	12	935	640	460	625	466	795	157	791	Melanoma antigen preferentially expressed in tumors (Preferentially expressed antigen of melanoma) (OPA-interacting protein 4) (OIP4). [Source:Uniprot/SWISSPROT;Acc:P78395]
NM_005487	940	224	15	688	103	342	322	350	678	17	High-mobility group protein 2-like 1 (HMGBCG protein). [Source:Uniprot/SWISSPROT;Acc:Q9UGU5]
NM_001032365	863	758	206	669	736	23	623	170	795	692	Gamma-glutamyltranspeptidase 1 precursor (EC 2.3.2.2) (Gamma- glutamyltransferase 1) (CD224 antigen) [Contains: Gamma- glutamyltranspeptidase 1 heavy chain; Gamma-glutamyltranspeptidase 1 light chain]. [Source:Uniprot/SWISSPROT;Acc:P19440]
NM_013986	479	808	869	698	206	105	433	990	340	776	RNA-binding protein EWS (EWS oncogene) (Ewing sarcoma breakpoint region 1 protein). [Source:Uniprot/SWISSPROT;Acc:Q01844]
NM_018995	860	388	109	601	936	665	283	488	781	421	Potential helicase Mov10l1 (EC 3.6.1.-) (Moloney leukemia virus 10- like protein 1) (MOV10-like 1). [Source:Uniprot/SWISSPROT;Acc:Q9BXT6]
NM_013385	697	527	830	751	364	290	39	258	562	184	Cytohesin-4. [Source:Uniprot/SWISSPROT;Acc:Q9UIA0]
NM_005984	967	432	821	117	890	931	205	277	605	792	Tricarboxylate transport protein, mitochondrial precursor (Citrate transport protein) (CTP) (Tricarboxylate carrier protein). [Source:Uniprot/SWISSPROT;Acc:P53007]
NM_031488	805	284	84	110	833	518	619	201	247	890	Lethal(3)malignant brain tumor-like 2 protein (L(3)mbt-like 2 protein) (H-l(3)mbt-like protein). [Source:Uniprot/SWISSPROT;Acc:Q969R5]
NM_004711	638	800	287	843	828	312	848	858	728	649	Synaptogyrin-1. [Source:Uniprot/SWISSPROT;Acc:O43759]
NM_197967	90	261	455	693	186	591	708	896	625	330	BH3 interacting domain death agonist (BID). [Source:Uniprot/SWISSPROT;Acc:P55957]
NM_032311	710	80	962	261	254	934	438	250	493	260	Polymerase delta-interacting protein 3 (46 kDa DNA polymerase delta interaction protein) (p46). [Source:Uniprot/SWISSPROT;Acc:Q9BY77]
NM_080764	358	717	639	501	656	589	231	566	526	19	Suppressor of hairy wing homolog 2 (5'OY11.1) (Zinc finger protein 632). [Source:Uniprot/SWISSPROT;Acc:Q86YH2]
NM_001007468	119	500	547	630	830	16	202	601	460	437	SWI/SNF related, matrix associated, actin dependent regulator of chromatin subfamily B member 1 (Integrase interactor 1 protein) (hSNF5) (BAF47). [Source:Uniprot/SWISSPROT;Acc:Q12824]
NM_030644	190	341	762	60	448	55	578	488	279	977	Apolipoprotein-L3 (Apolipoprotein L-III) (ApoL-III) (TNF-inducible protein CG12-1) (CG12_1). [Source:Uniprot/SWISSPROT;Acc:O95236]
NM_013327	269	960	506	542	310	193	43	298	694	798	Beta-parvin (Affixin). [Source:Uniprot/SWISSPROT;Acc:Q9HBI1]
NM_004599	797	822	309	768	306	423	942	100	26	924	Sterol regulatory element binding protein 2 (SREBP-2) (Sterol regulatory element-binding transcription factor 2). [Source:Uniprot/SWISSPROT;Acc:Q12772]
NM_006116	63	50	655	295	58	91	425	421	41	62	Mitogen-activated protein kinase kinase kinase 7 interacting protein 1 (TAK1-binding protein 1). [Source:Uniprot/SWISSPROT;Acc:Q15750]
NM_022785	744	784	937	578	115	346	958	204	720	408	CAP-binding protein complex interacting protein 1 isoform a [Source:RefSeq_peptide;Acc:NP_073622]
NM_000395	154	446	592	727	175	71	771	680	922	797	Cytokine receptor common beta chain precursor (GM-CSF/IL-3/IL-5 receptor common beta-chain) (CD131 antigen) (CDw131 antigen). [Source:Uniprot/SWISSPROT;Acc:P32927]
NM_152245	346	744	217	892	806	83	174	693	592	517	Carnitine O-palmitoyltransferase I, mitochondrial muscle isoform (EC 2.3.1.21) (CPT I) (CPTI-M) (Carnitine palmitoyltransferase 1B) (Carnitine palmitoyltransferase I-like protein). [Source:Uniprot/SWISSPROT;Acc:Q92523]
NM_015653	413	598	254	664	770	545	139	517	674	516	RIB43A domain with coiled-coils 2 [Source:RefSeq_peptide;Acc:NP_056468]
NM_173050	987	261	829	108	375	595	378	678	376	346	signal peptide-CUB domian-EGF-related 1 [Source:RefSeq_peptide;Acc:NP_766638]
NM_001003692	185	118	382	651	400	771	462	501	970	540	zinc finger, matrin type 5 [Source:RefSeq_peptide;Acc:NP_001003692]
NM_206956	175	912	245	697	258	516	323	449	63	847	Melanoma antigen preferentially expressed in tumors (Preferentially expressed antigen of melanoma) (OPA-interacting protein 4) (OIP4). [Source:Uniprot/SWISSPROT;Acc:P78395]
NM_022081	326	768	180	108	219	535	137	697	358	520	Hermansky-Pudlak syndrome 4 protein (Light-ear protein homolog). [Source:Uniprot/SWISSPROT;Acc:Q9NQG7]
NM_006739	587	273	424	229	886	642	873	156	469	254	DNA replication licensing factor MCM5 (CDC46 homolog) (P1-CDC46). [Source:Uniprot/SWISSPROT;Acc:P33992]
NM_005569	586	461	935	578	866	614	239	145	431	35	LIM domain kinase 2 (EC 2.7.1.-) (LIMK-2). [Source:Uniprot/SWISSPROT;Acc:P53671]
NM_001024733	905	536	568	255	661	106	103	635	404	709	Testis-specific serine/threonine-protein kinase 2 (EC 2.7.1.37) (TSSK- 2) (Testis-specific kinase 2) (TSK-2) (Serine/threonine-protein kinase 22B) (DiGeorge syndrome protein G). [Source:Uniprot/SWISSPROT;Acc:Q96PF2]
NM_058004	337	178	902	218	617	453	140	118	679	170	Phosphatidylinositol 4-kinase alpha (EC 2.7.1.67) (PI4-kinase) (PtdIns-4-kinase) (PI4K-alpha). [Source:Uniprot/SWISSPROT;Acc:P42356]
NM_031444	710	951	442	444	161	894	391	262	708	261	Protein C22orf13 (Protein LLN4). [Source:Uniprot/SWISSPROT;Acc:Q96NT3]
NM_025045	210	204	212	190	832	928	826	318	544	473	BAI1-associated protein 2-like 2 [Source:RefSeq_peptide;Acc:NP_079321]
NM_001002878	231	713	318	895	850	848	19	268	958	890	Protein C22orf19 (NF2/meningioma region protein pK1.3) (Placental protein 39.2). [Source:Uniprot/SWISSPROT;Acc:Q13769]
NM_001024938	641	592	95	107	241	631	674	646	712	210	Solute carrier family 2, facilitated glucose transporter member 11 (Glucose transporter type 11) (Glucose transporter type 10). [Source:Uniprot/SWISSPROT;Acc:Q9BYW1]
NM_013430	211	483	57	12	64	821	332	395	104	712	Gamma-glutamyltranspeptidase 1 precursor (EC 2.3.2.2) (Gamma- glutamyltransferase 1) (CD224 antigen) [Contains: Gamma- glutamyltranspeptidase 1 heavy chain; Gamma-glutamyltranspeptidase 1 light chain]. [Source:Uniprot/SWISSPROT;Acc:P19440]
NM_013412	885	271	206	198	86	567	989	731	169	310	Rab-like protein 2B. [Source:Uniprot/SWISSPROT;Acc:Q9UNT1]
NM_014577	685	172	364	859	567	146	967	321	828	25	Bromodomain-containing protein 1 (BR140-like protein). [Source:Uniprot/SWISSPROT;Acc:O95696]
NM_017436	505	682	322	334	653	672	72	846	62	921	Lactosylceramide 4-alpha-galactosyltransferase (EC 2.4.1.228) (Alpha- 1,4-galactosyltransferase) (UDP-galactose:beta-D-galactosyl-beta1-R 4- alpha-D-galactosyltransferase) (Alpha-1,4-N- acetylglucosaminyltransferase) (Alpha4Gal-T1) (Globotriaosylceramide [Source:Uniprot/SWISSPROT;Acc:Q9NPC4]
NM_170694	951	164	749	405	448	59	206	747	912	344	Serine hydrolase-like protein 2 (EC 3.1.-.-). [Source:Uniprot/SWISSPROT;Acc:Q9NQF3]
NM_001002876	887	369	197	585	235	61	100	394	885	970	Proliferation associated nuclear element protein 1. [Source:Uniprot/SWISSPROT;Acc:Q9NSP4]
NM_181826	507	630	226	559	649	244	956	555	377	91	Merlin (Moesin-ezrin-radixin-like protein) (Schwannomin) (Schwannomerlin) (Neurofibromin 2). [Source:Uniprot/SWISSPROT;Acc:P35240]
NM_005675	801	424	858	456	43	409	605	595	25	644	DGCR6 protein (DiGeorge syndrome critical region 6). [Source:Uniprot/SWISSPROT;Acc:Q14129]
NM_203378	240	72	274	393	901	157	419	948	698	88	Myoglobin. [Source:Uniprot/SWISSPROT;Acc:P02144]
NM_001017529	540	189	125	463	112	379	829	549	209	184	Rho-GTPase-activating protein 8. [Source:Uniprot/SWISSPROT;Acc:Q9NSG0]
NM_003935	652	786	106	483	345	274	954	973	859	516	DNA topoisomerase III beta-1 (EC 5.99.1.2). [Source:Uniprot/SWISSPROT;Acc:O95985]
NM_016091	671	123	627	202	711	487	736	321	866	923	Eukaryotic translation initiation factor 3 subunit 6 interacting protein. [Source:Uniprot/SWISSPROT;Acc:Q9Y262]
NM_001031801	399	367	760	746	630	936	183	335	532	492	LIM domain kinase 2 (EC 2.7.1.-) (LIMK-2). [Source:Uniprot/SWISSPROT;Acc:P53671]
NM_000355	933	244	102	568	315	329	964	213	948	942	Transcobalamin II precursor (TCII) (TC II). [Source:Uniprot/SWISSPROT;Acc:P20062]
NM_182661	921	934	54	706	757	932	862	909	172	919	Ceramide kinase (EC 2.7.1.138) (Acylsphingosine kinase) (hCERK) (Lipid kinase 4) (LK4). [Source:Uniprot/SWISSPROT;Acc:Q8TCT0]
NM_001008568	305	49	270	279	653	566	499	866	238	278	tRNA (5-methylaminomethyl-2-thiouridylate)-methyltransferase (EC 2.1.1.61). [Source:Uniprot/SWISSPROT;Acc:O75648]
NM_181830	457	220	934	570	463	480	550	850	299	774	Merlin (Moesin-ezrin-radixin-like protein) (Schwannomin) (Schwannomerlin) (Neurofibromin 2). [Source:Uniprot/SWISSPROT;Acc:P35240]
NM_014838	776	319	36	368	864	572	348	361	671	76	Zinc finger BED domain containing protein 4. [Source:Uniprot/SWISSPROT;Acc:O75132]
NM_014775	211	196	248	41	409	777	611	727	741	475	spindle assembly associated Sfi1 homolog isoform b [Source:RefSeq_peptide;Acc:NP_055590]
NM_138957	859	713	337	790	296	159	1	972	711	594	Mitogen-activated protein kinase 1 (EC 2.7.1.37) (Extracellular signal-regulated kinase 2) (ERK-2) (Mitogen-activated protein kinase 2) (MAP kinase 2) (MAPK 2) (p42-MAPK) (ERT1). [Source:Uniprot/SWISSPROT;Acc:P28482]
NM_005265	963	362	468	262	978	746	574	554	146	499	Gamma-glutamyltranspeptidase 1 precursor (EC 2.3.2.2) (Gamma- glutamyltransferase 1) (CD224 antigen) [Contains: Gamma- glutamyltranspeptidase 1 heavy chain; Gamma-glutamyltranspeptidase 1 light chain]. [Source:Uniprot/SWISSPROT;Acc:P19440]
NM_016431	365	561	385	805	987	273	948	722	303	468	C-jun-amino-terminal kinase interacting protein 2 (JNK-interacting protein 2) (JIP-2) (JNK MAP kinase scaffold protein 2) (Islet-brain-2) (IB-2) (Mitogen-activated protein kinase 8-interacting protein 2). [Source:Uniprot/SWISSPROT;Acc:Q13387]
NM_001007188	896	392	408	803	935	162	386	160	514	900	DEP domain containing protein 5. [Source:Uniprot/SWISSPROT;Acc:O75140]
NM_012179	482	760	603	291	336	86	53	399	436	144	F-box only protein 7. [Source:Uniprot/SWISSPROT;Acc:Q9Y3I1]
NM_030758	930	260	450	92	757	804	594	775	47	877	Oxysterol-binding protein 2 (Oxysterol binding protein-related protein 4) (OSBP-related protein 4) (ORP-4). [Source:Uniprot/SWISSPROT;Acc:Q969R2]
NM_023004	682	180	37	653	29	366	44	205	851	880	Reticulon 4 receptor precursor (Nogo receptor) (NgR) (Nogo-66 receptor). [Source:Uniprot/SWISSPROT;Acc:Q9BZR6]
NM_006440	331	525	328	207	896	780	973	261	97	66	Thioredoxin reductase 2, mitochondrial precursor (EC 1.8.1.9) (TR3) (TR-beta) (Selenoprotein Z) (SelZ). [Source:Uniprot/SWISSPROT;Acc:Q9NNW7]
NM_001675	485	486	509	464	715	555	923	659	925	233	Cyclic-AMP-dependent transcription factor ATF-4 (Activating transcription factor 4) (DNA-binding protein TAXREB67) (Cyclic AMP response element-binding protein 2) (CREB2). [Source:Uniprot/SWISSPROT;Acc:P18848]
NM_174932	898	917	982	413	765	700	648	877	491	690	Bactericidal/permeability-increasing protein-like 2 precursor. [Source:Uniprot/SWISSPROT;Acc:Q8NFQ6]
NM_182895	621	784	314	515	492	448	550	953	253	416	Scavenger receptor class F member 2 precursor (Scavenger receptor expressed by endothelial cells 2 protein) (SREC-II) (SRECRP-1). [Source:Uniprot/SWISSPROT;Acc:Q96GP6]
NM_181334	480	892	536	386	725	839	229	991	8	241	Rho-GTPase-activating protein 8. [Source:Uniprot/SWISSPROT;Acc:Q9NSG0]
NM_012323	617	987	727	419	718	873	215	380	969	467	Transcription factor MafF (V-maf musculoaponeurotic fibrosarcoma oncogene homolog F) (U-Maf). [Source:Uniprot/SWISSPROT;Acc:Q9ULX9]
NM_013387	132	299	905	489	854	946	2	653	304	842	ubiquinol-cytochrome c reductase complex 7.2kDa protein isoform b [Source:RefSeq_peptide;Acc:NP_001003684]
NM_004861	331	333	101	427	188	302	449	16	344	597	Galactosylceramide sulfotransferase (EC 2.8.2.11) (GalCer sulfotransferase) (Cerebroside sulfotransferase) (3'- phosphoadenylylsulfate:galactosylceramide 3'-sulfotransferase) (3'- phosphoadenosine-5'phosphosulfate:GalCer sulfotransferase). [Source:Uniprot/SWISSPROT;Acc:Q99999]
NM_153609	671	828	85	38	787	868	686	420	53	948	Transmembrane protease, serine 6 (EC 3.4.21.-) (Matriptase-2). [Source:Uniprot/SWISSPROT;Acc:Q8IU80]
NM_002745	482	924	854	618	196	771	874	297	665	650	Mitogen-activated protein kinase 1 (EC 2.7.1.37) (Extracellular signal-regulated kinase 2) (ERK-2) (Mitogen-activated protein kinase 2) (MAP kinase 2) (MAPK 2) (p42-MAPK) (ERT1). [Source:Uniprot/SWISSPROT;Acc:P28482]
NM_005315	930	385	644	952	391	630	816	348	587	536	Homeobox protein goosecoid-like (GSC-2). [Source:Uniprot/SWISSPROT;Acc:O15499]
NM_181825	691	727	100	103	529	39	366	654	962	73	Merlin (Moesin-ezrin-radixin-like protein) (Schwannomin) (Schwannomerlin) (Neurofibromin 2). [Source:Uniprot/SWISSPROT;Acc:P35240]
NM_015715	474	63	454	691	578	138	265	563	829	456	Group III secretory phospholipase A2 precursor (EC 3.1.1.4) (Phosphatidylcholine 2-acylhydrolase GIII) (GIII sPLA2). [Source:Uniprot/SWISSPROT;Acc:Q9NZ20]
NM_013365	72	920	229	427	911	370	313	862	582	298	ADP-ribosylation factor binding protein GGA1 (Golgi-localized, gamma ear-containing, ARF-binding protein 1) (Gamma-adaptin-related protein 1). [Source:Uniprot/SWISSPROT;Acc:Q9UJY5]
NR_000028	72	844	183	890	14	157	928	300	780	75	RNA, U83B small nucleolar (RNU83B) on chromosome 22 [Source:RefSeq_dna;Acc:NR_000028]
NM_021096	907	5	206	793	937	868	253	259	166	953	Voltage-dependent T-type calcium channel alpha-1I subunit (Voltage- gated calcium channel alpha subunit Cav3.3) (Ca(v)3.3). [Source:Uniprot/SWISSPROT;Acc:Q9P0X4]
NM_152868	704	716	592	603	34	716	131	837	358	895	Inward rectifier potassium channel 4 (Potassium channel, inwardly rectifying subfamily J member 4) (Inward rectifier K(+) channel Kir2.3) (Hippocampal inward rectifier) (HIR) (HRK1) (HIRK2). [Source:Uniprot/SWISSPROT;Acc:P48050]
NM_031890	426	579	870	292	15	755	666	485	43	790	Cat eye syndrome critical region protein 6. [Source:Uniprot/SWISSPROT;Acc:Q9BXQ6]
NM_012473	380	335	159	547	509	611	760	212	861	286	Thioredoxin, mitochondrial precursor (Mt-Trx) (MTRX) (Thioredoxin-2). [Source:Uniprot/SWISSPROT;Acc:Q99757]
NM_000407	236	184	16	777	376	493	210	910	584	764	Septin-5 (Peanut-like protein 1) (Cell division control related protein 1) (CDCREL-1). [Source:Uniprot/SWISSPROT;Acc:Q99719]
NM_017584	553	905	70	276	978	138	664	141	837	991	Inositol oxygenase (EC 1.13.99.1) (Myo-inositol oxygenase) (Aldehyde reductase-like 6) (Renal-specific oxidoreductase) (Kidney-specific protein 32). [Source:Uniprot/SWISSPROT;Acc:Q9UGB7]
NM_145174	417	132	544	542	640	186	172	395	537	134	DnaJ homolog subfamily B member 7. [Source:Uniprot/SWISSPROT;Acc:Q7Z6W7]
NM_030882	415	430	90	659	812	743	358	43	653	572	Apolipoprotein-L2 (Apolipoprotein L-II) (ApoL-II). [Source:Uniprot/SWISSPROT;Acc:Q9BQE5]
NM_004900	832	713	453	472	16	128	426	546	885	30	Probable DNA dC->dU editing enzyme APOBEC-3B (EC 3.5.4.-) (Phorbolin- 1-related protein) (Phorbolin-2/3). [Source:Uniprot/SWISSPROT;Acc:Q9UH17]
NM_003595	842	984	373	604	685	713	553	565	518	431	Protein-tyrosine sulfotransferase 2 (EC 2.8.2.20) (Tyrosylprotein sulfotransferase-2) (TPST-2). [Source:Uniprot/SWISSPROT;Acc:O60704]
NM_001003796	661	703	959	807	626	932	674	128	251	359	NHP2-like protein 1 (High mobility group-like nuclear protein 2 homolog 1) ([U4/U6.U5] tri-snRNP 15.5 kDa protein) (OTK27). [Source:Uniprot/SWISSPROT;Acc:P55769]
NM_007194	290	170	717	408	145	587	550	532	274	587	Serine/threonine-protein kinase Chk2 (EC 2.7.1.37) (Cds1). [Source:Uniprot/SWISSPROT;Acc:O96017]
NM_002309	718	555	525	178	16	143	244	769	380	481	Leukemia inhibitory factor precursor (LIF) (Differentiation- stimulating factor) (D factor) (Melanoma-derived LPL inhibitor) (MLPLI) (Emfilermin). [Source:Uniprot/SWISSPROT;Acc:P15018]
NM_001001928	399	411	308	644	569	443	23	719	710	849	Peroxisome proliferator activated receptor alpha (PPAR-alpha). [Source:Uniprot/SWISSPROT;Acc:Q07869]
NM_017590	552	207	78	80	365	723	248	644	736	542	Zinc finger CCCH-type domain containing protein 7B (Rotavirus 'X' associated non-structural protein) (RoXaN). [Source:Uniprot/SWISSPROT;Acc:Q9UGR2]
NM_004121	611	238	482	7	263	695	231	341	697	540	Gamma-glutamyltransferase 5 precursor (EC 2.3.2.2) (Gamma- glutamyltranspeptidase 5) (Gamma-glutamyltransferase-like activity 1) (GGT-rel) [Contains: Gamma-glutamyltransferase 5 heavy chain; Gamma- glutamyltransferase 5 light chain]. [Source:Uniprot/SWISSPROT;Acc:P36269]
NM_006487	888	892	199	432	434	338	352	267	741	887	Fibulin-1 precursor. [Source:Uniprot/SWISSPROT;Acc:P23142]
NM_181835	563	231	537	5	8	583	181	694	912	444	Merlin (Moesin-ezrin-radixin-like protein) (Schwannomin) (Schwannomerlin) (Neurofibromin 2). [Source:Uniprot/SWISSPROT;Acc:P35240]
NM_014570	423	867	561	381	778	835	962	62	687	446	ADP-ribosylation factor GTPase-activating protein 3 (ARF GAP 3). [Source:Uniprot/SWISSPROT;Acc:Q9NP61]
NM_005740	547	759	121	908	833	999	776	822	445	114	Dynein light chain 4, axonemal. [Source:Uniprot/SWISSPROT;Acc:O96015]
NM_017829	522	463	406	4	262	830	100	866	851	509	Cat eye syndrome critical region protein 5 precursor. [Source:Uniprot/SWISSPROT;Acc:Q9BXW7]
NM_016335	816	193	238	872	277	806	487	642	62	213	Proline oxidase, mitochondrial precursor (EC 1.5.3.-) (Proline dehydrogenase). [Source:Uniprot/SWISSPROT;Acc:O43272]
NM_005198	831	363	332	69	407	797	748	22	853	791	Carnitine O-palmitoyltransferase I, mitochondrial muscle isoform (EC 2.3.1.21) (CPT I) (CPTI-M) (Carnitine palmitoyltransferase 1B) (Carnitine palmitoyltransferase I-like protein). [Source:Uniprot/SWISSPROT;Acc:Q92523]
NM_013313	17	728	389	629	943	306	569	415	407	25	Yippee-like protein 1. [Source:Uniprot/SWISSPROT;Acc:O60688]
NR_002199	343	516	174	507	590	579	943	209	774	188	Hsc70-interacting protein (Hip) (Putative tumor suppressor ST13) (Progesterone receptor-associated p48 protein). [Source:Uniprot/SWISSPROT;Acc:P50502]
NM_032204	533	488	893	651	618	14	356	983	922	818	Activating signal cointegrator 1 complex subunit 2 (ASC-1 complex subunit p100) (Trip4 complex subunit p100). [Source:Uniprot/SWISSPROT;Acc:Q9H1I8]
NM_015380	965	593	270	758	645	722	411	679	77	150	SAM50-like protein CGI-51. [Source:Uniprot/SWISSPROT;Acc:Q9Y512]
NM_005650	11	59	908	215	729	404	670	666	777	191	Transcription factor 20 (Stromelysin 1 PDGF-responsive element-binding protein) (SPRE-binding protein) (Nuclear factor SPBP) (AR1). [Source:Uniprot/SWISSPROT;Acc:Q9UGU0]
NM_020315	83	390	876	635	884	530	6	51	856	47	Pyridoxal phosphate phosphatase (EC 3.1.3.74) (PLP phosphatase). [Source:Uniprot/SWISSPROT;Acc:Q96GD0]
NM_182984	863	110	194	236	434	757	875	237	575	74	HpaII tiny fragments locus 9c protein. [Source:Uniprot/SWISSPROT;Acc:Q8IZ69]
NM_001670	187	78	27	875	75	265	755	310	451	467	Armadillo repeat protein deleted in velo-cardio-facial syndrome. [Source:Uniprot/SWISSPROT;Acc:O00192]
NM_012295	25	260	139	319	123	804	596	871	124	536	Calcineurin-binding protein Cabin 1 (Calcineurin inhibitor) (CAIN). [Source:Uniprot/SWISSPROT;Acc:Q9Y6J0]
NM_001017981	80	725	613	27	402	380	773	188	946	825	similar to RIKEN cDNA 0610009J22 [Source:RefSeq_peptide;Acc:NP_001017981]
NM_152237	733	845	83	902	600	285	655	481	58	58	GAS2-like protein 1 (Growth arrest-specific 2-like 1) (GAS2-related protein on chromosome 22) (GAR22 protein). [Source:Uniprot/SWISSPROT;Acc:Q99501]
NM_014291	684	973	965	831	950	205	838	555	604	204	2-amino-3-ketobutyrate coenzyme A ligase, mitochondrial precursor (EC 2.3.1.29) (AKB ligase) (Glycine acetyltransferase). [Source:Uniprot/SWISSPROT;Acc:O75600]
NM_001018060	635	738	478	910	742	103	233	346	580	417	apoptosis-inducing factor like isoform 1 [Source:RefSeq_peptide;Acc:NP_653305]
NM_030573	6	293	716	755	728	979	908	8	743	834	THAP domain protein 7. [Source:Uniprot/SWISSPROT;Acc:Q9BT49]
NM_004377	976	886	906	830	909	225	803	432	117	854	Carnitine O-palmitoyltransferase I, mitochondrial muscle isoform (EC 2.3.1.21) (CPT I) (CPTI-M) (Carnitine palmitoyltransferase 1B) (Carnitine palmitoyltransferase I-like protein). [Source:Uniprot/SWISSPROT;Acc:Q92523]
NM_001001930	261	716	230	827	786	651	354	282	111	108	Peroxisome proliferator activated receptor alpha (PPAR-alpha). [Source:Uniprot/SWISSPROT;Acc:Q07869]
NM_145748	182	718	484	603	884	972	868	323	160	670	Thioredoxin reductase 2, mitochondrial precursor (EC 1.8.1.9) (TR3) (TR-beta) (Selenoprotein Z) (SelZ). [Source:Uniprot/SWISSPROT;Acc:Q9NNW7]
NM_153334	712	452	377	440	431	341	196	667	270	543	Scavenger receptor class F member 2 precursor (Scavenger receptor expressed by endothelial cells 2 protein) (SREC-II) (SRECRP-1). [Source:Uniprot/SWISSPROT;Acc:Q96GP6]
NM_001007279	584	71	704	247	635	882	18	153	81	910	Ras-like protein RRP22 (RAS-related protein on chromosome 22). [Source:Uniprot/SWISSPROT;Acc:Q92737]
NM_031937	244	296	935	272	89	875	129	71	30	604	TBC1 domain family member 10A (EBP50-PDX interactor of 64 kDa) (EPI64 protein). [Source:Uniprot/SWISSPROT;Acc:Q9BXI6]
NM_032775	594	802	218	617	660	769	356	466	199	292	kelch-like [Source:RefSeq_peptide;Acc:NP_116164]
NM_001196	200	233	399	984	849	297	603	888	470	778	BH3 interacting domain death agonist (BID). [Source:Uniprot/SWISSPROT;Acc:P55957]
NM_002751	91	743	619	199	226	165	814	385	873	32	Mitogen-activated protein kinase 11 (EC 2.7.1.37) (Mitogen-activated protein kinase p38 beta) (MAP kinase p38 beta) (p38b) (p38-2) (Stress- activated protein kinase 2). [Source:Uniprot/SWISSPROT;Acc:Q15759]
NM_001051	522	149	481	842	198	769	757	332	559	820	Somatostatin receptor type 3 (SS3R) (SSR-28). [Source:Uniprot/SWISSPROT;Acc:P32745]
NM_003426	321	137	725	358	249	777	396	20	922	736	Zinc finger protein 74 (hZNF7). [Source:Uniprot/SWISSPROT;Acc:Q16587]
NM_014337	720	44	78	939	4	759	476	388	931	565	Peptidyl-prolyl cis-trans isomerase-like 2 (EC 5.2.1.8) (PPIase) (Rotamase) (Cyclophilin-60) (Cyclophilin-like protein Cyp-60). [Source:Uniprot/SWISSPROT;Acc:Q13356]
NM_145639	71	242	432	940	123	134	869	505	130	992	Apolipoprotein-L3 (Apolipoprotein L-III) (ApoL-III) (TNF-inducible protein CG12-1) (CG12_1). [Source:Uniprot/SWISSPROT;Acc:O95236]
NM_007229	701	674	998	150	260	927	354	40	824	227	Protein kinase C and casein kinase substrate in neurons protein 2. [Source:Uniprot/SWISSPROT;Acc:Q9UNF0]
NM_145660	408	222	625	625	272	67	949	577	134	841	Apolipoprotein-L4 precursor (Apolipoprotein L-IV) (ApoL-IV). [Source:Uniprot/SWISSPROT;Acc:Q9BPW4]
NM_003073	994	2	209	494	630	616	854	928	732	576	SWI/SNF related, matrix associated, actin dependent regulator of chromatin subfamily B member 1 (Integrase interactor 1 protein) (hSNF5) (BAF47). [Source:Uniprot/SWISSPROT;Acc:Q12824]
NM_139202	772	18	221	958	695	182	497	106	466	769	Membrane protein MLC1. [Source:Uniprot/SWISSPROT;Acc:Q15049]
NM_138338	394	384	912	50	327	351	430	98	787	909	DNA-directed RNA polymerase III subunit 22.9 kDa polypeptide (EC 2.7.7.6) (RPC8). [Source:Uniprot/SWISSPROT;Acc:Q9Y535]
NM_002073	682	328	838	442	303	989	770	473	37	381	Guanine nucleotide-binding protein G(z), alpha subunit (G(x) alpha chain) (Gz-alpha). [Source:Uniprot/SWISSPROT;Acc:P19086]
NM_021026	565	891	207	87	342	254	910	990	414	219	Ret finger protein-like 1 (RING finger protein 78). [Source:Uniprot/SWISSPROT;Acc:O75677]
NM_145738	867	367	148	615	312	830	245	209	844	413	Synaptogyrin-1. [Source:Uniprot/SWISSPROT;Acc:O43759]
NM_012263	629	668	634	561	580	784	902	330	282	461	Tubulin tyrosine ligase-like protein 1. [Source:Uniprot/SWISSPROT;Acc:O95922]
NM_032052	70	555	432	514	492	281	66	804	172	240	Zinc finger protein 278 (POZ-, AT hook-, and zinc finger-containing protein) (Zinc finger sarcoma gene protein) (BTB-POZ domain zinc finger transcription factor) (Protein kinase A RI-alpha subunit- associated protein) (Zinc finger and BTB domain containin [Source:Uniprot/SWISSPROT;Acc:Q9HBE1]
NM_152841	268	743	371	643	911	701	521	78	84	341	Hermansky-Pudlak syndrome 4 protein (Light-ear protein homolog). [Source:Uniprot/SWISSPROT;Acc:Q9NQG7]
NM_005297	335	796	369	421	532	158	617	86	84	532	Melanin-concentrating hormone receptor 1 (MCH receptor 1) (MCHR-1) (MCH-R1) (MCH1R) (MCH-1R) (MCHR) (G-protein coupled receptor 24) (Somatostatin receptor-like protein) (SLC-1). [Source:Uniprot/SWISSPROT;Acc:Q99705]
NM_000262	383	189	378	419	675	667	214	88	178	504	Alpha-N-acetylgalactosaminidase precursor (EC 3.2.1.49) (Alpha- galactosidase B). [Source:Uniprot/SWISSPROT;Acc:P17050]
NM_145699	39	501	596	313	323	812	285	75	481	215	Probable DNA dC->dU editing enzyme APOBEC-3A (EC 3.5.4.-) (Phorbolin- 1). [Source:Uniprot/SWISSPROT;Acc:P31941]
NM_000106	825	46	255	439	682	393	954	641	628	561	Cytochrome P450 2D6 (EC 1.14.14.1) (CYPIID6) (P450-DB1) (Debrisoquine 4-hydroxylase). [Source:Uniprot/SWISSPROT;Acc:P10635]
NM_145640	462	11	66	921	420	849	919	727	491	404	Apolipoprotein-L3 (Apolipoprotein L-III) (ApoL-III) (TNF-inducible protein CG12-1) (CG12_1). [Source:Uniprot/SWISSPROT;Acc:O95236]
NM_004076	244	907	104	251	218	722	599	494	658	831	Beta crystallin B3 (Beta-B3-crystallin). [Source:Uniprot/SWISSPROT;Acc:P26998]
NM_001835	165	571	735	781	489	940	25	467	505	440	Clathrin heavy chain 2 (CLH-22). [Source:Uniprot/SWISSPROT;Acc:P53675]
NM_139124	574	578	176	592	108	576	686	626	69	227	C-jun-amino-terminal kinase interacting protein 2 (JNK-interacting protein 2) (JIP-2) (JNK MAP kinase scaffold protein 2) (Islet-brain-2) (IB-2) (Mitogen-activated protein kinase 8-interacting protein 2). [Source:Uniprot/SWISSPROT;Acc:Q13387]
NM_002969	973	529	611	222	988	873	235	916	606	719	Mitogen-activated protein kinase 12 (EC 2.7.1.37) (Extracellular signal-regulated kinase 6) (ERK-6) (ERK5) (Stress-activated protein kinase 3) (Mitogen-activated protein kinase p38 gamma) (MAP kinase p38 gamma). [Source:Uniprot/SWISSPROT;Acc:P53778]
NM_000631	197	716	580	379	359	156	451	303	635	178	Neutrophil cytosol factor 4 (NCF-4) (Neutrophil NADPH oxidase factor 4) (p40-phox) (p40phox). [Source:Uniprot/SWISSPROT;Acc:Q15080]
NR_002323	823	893	696	662	899	506	68	730	696	438	taurine upregulated gene 1 (TUG1) on chromosome 22 [Source:RefSeq_dna;Acc:NR_002323]
NM_013236	311	857	840	170	407	316	345	655	30	999	Ataxin-10 (Spinocerebellar ataxia type 10 protein) (Brain protein E46 homolog). [Source:Uniprot/SWISSPROT;Acc:Q9UBB4]
NM_016418	284	919	850	136	761	780	524	940	89	939	Merlin (Moesin-ezrin-radixin-like protein) (Schwannomin) (Schwannomerlin) (Neurofibromin 2). [Source:Uniprot/SWISSPROT;Acc:P35240]
NM_080647	532	721	578	241	517	497	836	390	285	618	T-box transcription factor TBX1 (T-box protein 1) (Testis-specific T- box protein). [Source:Uniprot/SWISSPROT;Acc:O43435]
NM_152243	2	878	114	463	806	442	541	709	860	793	Cdc42 effector protein 1 (Binder of Rho GTPases 5) (Serum protein MSE55). [Source:Uniprot/SWISSPROT;Acc:Q00587]
NM_206954	265	232	101	935	347	151	776	823	340	56	Melanoma antigen preferentially expressed in tumors (Preferentially expressed antigen of melanoma) (OPA-interacting protein 4) (OIP4). [Source:Uniprot/SWISSPROT;Acc:P78395]
NM_000853	881	664	514	946	470	633	840	919	722	287	Glutathione S-transferase theta 1 (EC 2.5.1.18) (GST class-theta 1) (Glutathione transferase T1-1). [Source:Uniprot/SWISSPROT;Acc:P30711]
NM_001008496	878	127	188	448	227	46	113	863	704	579	piwi-like 3 [Source:RefSeq_peptide;Acc:NP_001008496]
NM_014227	249	390	885	30	61	13	200	478	723	459	Low affinity sodium-glucose cotransporter (Sodium/glucose cotransporter 3) (Na(+)/glucose cotransporter 3). [Source:Uniprot/SWISSPROT;Acc:Q9NY91]
NM_018006	196	584	834	701	163	358	230	125	751	923	tRNA (5-methylaminomethyl-2-thiouridylate)-methyltransferase (EC 2.1.1.61). [Source:Uniprot/SWISSPROT;Acc:O75648]
NM_014460	825	646	749	803	868	553	681	766	536	361	Cold shock domain protein C2 (RNA-binding protein PIPPin). [Source:Uniprot/SWISSPROT;Acc:Q9Y534]
NM_181833	367	761	260	454	116	966	694	806	699	491	Merlin (Moesin-ezrin-radixin-like protein) (Schwannomin) (Schwannomerlin) (Neurofibromin 2). [Source:Uniprot/SWISSPROT;Acc:P35240]
NM_153050	734	549	763	762	490	679	842	121	623	676	Myotubularin-related protein 3 (EC 3.1.3.48) (FYVE domain-containing dual specificity protein phosphatase 1) (FYVE-DSP1) (Zinc finger FYVE domain containing protein 10). [Source:Uniprot/SWISSPROT;Acc:Q13615]
NM_005080	616	660	942	324	582	847	687	507	787	938	X box binding protein 1 (XBP-1) (Tax-responsive element-binding protein 5). [Source:Uniprot/SWISSPROT;Acc:P17861]
NM_001002877	380	266	785	746	670	897	465	769	65	372	Protein C22orf19 (NF2/meningioma region protein pK1.3) (Placental protein 39.2). [Source:Uniprot/SWISSPROT;Acc:Q13769]
NM_021974	919	218	969	858	994	982	921	634	695	51	DNA-directed RNA polymerases I, II, and III 14.4 kDa polypeptide (EC 2.7.7.6) (RPB6) (RPABC14.4) (RPB14.4) (RPABC2). [Source:Uniprot/SWISSPROT;Acc:P61218]
NM_181828	441	155	83	437	403	582	840	116	324	528	Merlin (Moesin-ezrin-radixin-like protein) (Schwannomin) (Schwannomerlin) (Neurofibromin 2). [Source:Uniprot/SWISSPROT;Acc:P35240]
NM_015374	139	31	484	318	992	679	290	542	720	323	Sad1/unc-84-like protein 2 (Rab5-interacting protein) (Rab5IP). [Source:Uniprot/SWISSPROT;Acc:Q9UH99]
NM_001018051	768	176	714	346	621	59	122	793	728	7	DNA-directed RNA polymerase III subunit 22.9 kDa polypeptide (EC 2.7.7.6) (RPC8). [Source:Uniprot/SWISSPROT;Acc:Q9Y535]
NM_016426	646	626	510	335	81	717	68	88	769	126	G2 and S phase expressed protein 1 (B99 homolog). [Source:Uniprot/SWISSPROT;Acc:Q9NYZ3]
NM_004737	485	741	610	674	215	662	802	365	960	115	Glycosyltransferase-like protein LARGE (EC 2.4.-.-) (Acetylglucosaminyltransferase-like protein). [Source:Uniprot/SWISSPROT;Acc:O95461]
NM_014551	952	671	930	91	721	217	914	731	663	901	kleisin beta isoform 2 [Source:RefSeq_peptide;Acc:NP_689512]
NM_152855	46	646	402	975	687	896	821	119	329	918	Immunoglobulin lambda-like polypeptide 1 precursor (Immunoglobulin- related 14.1 protein) (Immunoglobulin omega polypeptide) (Lambda 5) (CD179b antigen). [Source:Uniprot/SWISSPROT;Acc:P15814]
NM_080839	395	45	911	179	356	649	474	848	814	262	Gamma-glutamyltransferase-like protein 4. [Source:Uniprot/SWISSPROT;Acc:Q14390]
NM_001001479	554	249	509	9	209	392	356	829	103	356	solute carrier family 35, member E4 [Source:RefSeq_peptide;Acc:NP_001001479]
NM_153379	411	167	540	806	451	886	861	425	793	419	Kremen protein 1 precursor (Kringle-containing protein marking the eye and the nose) (Dickkopf receptor). [Source:Uniprot/SWISSPROT;Acc:Q96MU8]
NM_001033024	110	550	527	701	372	778	815	897	690	834	F-box only protein 7. [Source:Uniprot/SWISSPROT;Acc:Q9Y3I1]
NM_145298	404	485	974	483	26	691	792	766	819	836	DNA dC->dU editing enzyme APOBEC-3G (EC 3.5.4.-) (APOBEC-related cytidine deaminase) (ARCD) (APOBEC-related protein) (ARP-9) (CEM15) (CEM-15). [Source:Uniprot/SWISSPROT;Acc:Q9HC16]
NM_006386	474	328	446	608	406	146	61	802	949	414	Probable ATP-dependent helicase DDX17 (EC 3.6.1.-) (DEAD-box protein 17) (RNA-dependent helicase p72) (DEAD-box protein p72). [Source:Uniprot/SWISSPROT;Acc:Q92841]
NM_003753	770	549	864	874	753	575	670	383	703	514	Eukaryotic translation initiation factor 3 subunit 7 (eIF-3 zeta) (eIF3 p66) (eIF3d). [Source:Uniprot/SWISSPROT;Acc:O15371]
NM_007326	827	983	734	807	155	263	415	228	401	300	NADH-cytochrome b5 reductase (EC 1.6.2.2) (B5R) (Diaphorase-1) (Cytochrome b5 reductase 3) [Contains: NADH-cytochrome b5 reductase membrane bound form; NADH-cytochrome b5 reductase soluble form]. [Source:Uniprot/SWISSPROT;Acc:P00387]
NM_002490	88	550	345	941	125	400	374	734	283	824	NADH-ubiquinone oxidoreductase B14 subunit (EC 1.6.5.3) (EC 1.6.99.3) (Complex I-B14) (CI-B14). [Source:Uniprot/SWISSPROT;Acc:P56556]
NM_000362	903	261	807	597	577	181	443	808	639	744	Metalloproteinase inhibitor 3 precursor (TIMP-3) (Tissue inhibitor of metalloproteinases-3) (MIG-5 protein). [Source:Uniprot/SWISSPROT;Acc:P35625]
NM_152299	20	751	377	65	743	655	64	941	871	285	kleisin beta isoform 2 [Source:RefSeq_peptide;Acc:NP_689512]
NM_022720	286	492	925	937	65	401	88	872	700	42	DGCR8 protein (DiGeorge syndrome critical region 8). [Source:Uniprot/SWISSPROT;Acc:Q8WYQ5]
NM_001008696	947	707	704	271	238	807	766	172	750	193	THAP domain protein 7. [Source:Uniprot/SWISSPROT;Acc:Q9BT49]
NM_000496	143	518	47	16	365	256	153	114	698	775	Beta crystallin B2 (BP). [Source:Uniprot/SWISSPROT;Acc:P43320]
NM_203477	869	685	229	245	872	621	14	817	257	510	similar to RPL23AP7 protein [Source:RefSeq_peptide;Acc:NP_982307]
NM_145734	177	949	667	864	365	656	680	580	480	951	Neuronal-specific septin-3. [Source:Uniprot/SWISSPROT;Acc:Q9UH03]
NM_001887	606	183	77	266	346	876	348	139	468	924	Beta crystallin B1. [Source:Uniprot/SWISSPROT;Acc:P53674]
NM_030881	85	928	166	408	545	867	253	881	604	204	Probable ATP-dependent helicase DDX17 (EC 3.6.1.-) (DEAD-box protein 17) (RNA-dependent helicase p72) (DEAD-box protein p72). [Source:Uniprot/SWISSPROT;Acc:Q92841]
NM_001003684	834	959	125	742	835	364	930	534	30	472	ubiquinol-cytochrome c reductase complex 7.2kDa protein isoform b [Source:RefSeq_peptide;Acc:NP_001003684]
NM_032019	297	31	725	885	370	460	759	51	412	701	Histone deacetylase 10 (HD10). [Source:Uniprot/SWISSPROT;Acc:Q969S8]
NM_153684	971	482	285	472	802	587	78	73	172	654	Nucleoporin 50 kDa (Nuclear pore-associated protein 60 kDa-like). [Source:Uniprot/SWISSPROT;Acc:Q9UKX7]
NM_145642	276	484	302	16	397	110	627	930	476	926	Apolipoprotein-L3 (Apolipoprotein L-III) (ApoL-III) (TNF-inducible protein CG12-1) (CG12_1). [Source:Uniprot/SWISSPROT;Acc:O95236]
NM_015124	468	198	328	331	603	63	978	472	411	417	death-inducing-protein [Source:RefSeq_peptide;Acc:NP_055939]
NM_014248	175	338	729	840	390	384	95	514	205	984	RING-box protein 1 (Rbx1) (Regulator of cullins 1) (RING finger protein 75) (ZYP protein). [Source:Uniprot/SWISSPROT;Acc:P62877]
NM_017424	516	530	506	487	426	637	377	153	0	946	Cat eye syndrome critical region protein 1 precursor. [Source:Uniprot/SWISSPROT;Acc:Q9NZK5]
NM_181827	107	765	454	626	214	174	517	137	892	586	Merlin (Moesin-ezrin-radixin-like protein) (Schwannomin) (Schwannomerlin) (Neurofibromin 2). [Source:Uniprot/SWISSPROT;Acc:P35240]
NM_016272	707	9	788	851	589	709	521	546	647	636	Tob2 protein (Transducer of erbB-2 2). [Source:Uniprot/SWISSPROT;Acc:Q14106]
NM_002409	691	446	964	885	730	782	130	291	523	184	Beta-1,4-mannosyl-glycoprotein 4-beta-N-acetylglucosaminyltransferase (EC 2.4.1.144) (N-glycosyl-oligosaccharide-glycoprotein N- acetylglucosaminyltransferase III) (N-acetylglucosaminyltransferase III) (GNT-III) (GlcNAc-T III). [Source:Uniprot/SWISSPROT;Acc:Q09327]
NM_007310	132	988	334	15	932	447	178	453	832	748	Catechol O-methyltransferase (EC 2.1.1.6). [Source:Uniprot/SWISSPROT;Acc:P21964]
NM_006932	339	558	400	441	925	244	687	502	110	175	Smoothelin. [Source:Uniprot/SWISSPROT;Acc:P53814]
NM_016733	654	686	218	127	213	30	317	847	779	820	LIM domain kinase 2 (EC 2.7.1.-) (LIMK-2). [Source:Uniprot/SWISSPROT;Acc:P53671]
NM_000026	461	936	751	773	260	783	817	739	906	94	Adenylosuccinate lyase (EC 4.3.2.2) (Adenylosuccinase) (ASL) (ASASE). [Source:Uniprot/SWISSPROT;Acc:P30566]
NM_145637	508	685	335	40	877	259	670	548	742	703	Apolipoprotein-L2 (Apolipoprotein L-II) (ApoL-II). [Source:Uniprot/SWISSPROT;Acc:Q9BQE5]
NM_022766	606	783	375	402	883	336	57	848	520	161	Ceramide kinase (EC 2.7.1.138) (Acylsphingosine kinase) (hCERK) (Lipid kinase 4) (LK4). [Source:Uniprot/SWISSPROT;Acc:Q8TCT0]
NM_014351	398	303	952	783	831	941	735	814	189	747	Sulfotransferase 4A1 (EC 2.8.2.-) (Brain sulfotransferase-like protein) (hBR-STL) (hBR-STL-1) (Nervous system sulfotransferase) (NST). [Source:Uniprot/SWISSPROT;Acc:Q9BR01]
NM_007061	964	311	765	959	79	997	766	332	196	886	Cdc42 effector protein 1 (Binder of Rho GTPases 5) (Serum protein MSE55). [Source:Uniprot/SWISSPROT;Acc:Q00587]
NM_002405	563	3	630	339	653	247	765	81	727	893	Beta-1,3-N-acetylglucosaminyltransferase manic fringe (EC 2.4.1.222) (O-fucosylpeptide 3-beta-N-acetylglucosaminyltransferase). [Source:Uniprot/SWISSPROT;Acc:O00587]
NM_005036	924	217	752	690	398	768	487	399	288	766	Peroxisome proliferator activated receptor alpha (PPAR-alpha). [Source:Uniprot/SWISSPROT;Acc:Q07869]
NM_013373	321	898	324	437	850	79	297	502	97	810	Zinc finger DHHC domain-containing protein 8 precursor (Zinc finger protein 378). [Source:Uniprot/SWISSPROT;Acc:Q9ULC8]
NM_002688	294	132	778	759	353	579	528	349	728	23	Septin-5 (Peanut-like protein 1) (Cell division control related protein 1) (CDCREL-1). [Source:Uniprot/SWISSPROT;Acc:Q99719]
NM_173467	485	628	396	666	139	336	980	595	865	958	Malonyl CoA-acyl carrier protein transacylase, mitochondrial precursor (EC 2.3.1.39) (MCT) (Mitochondrial malonyltransferase). [Source:Uniprot/SWISSPROT;Acc:Q8IVS2]
NM_001018052	733	455	20	23	738	463	43	458	997	784	DNA-directed RNA polymerase III subunit 22.9 kDa polypeptide (EC 2.7.7.6) (RPC8). [Source:Uniprot/SWISSPROT;Acc:Q9Y535]
NM_152842	436	253	539	816	50	239	229	396	572	245	Hermansky-Pudlak syndrome 4 protein (Light-ear protein homolog). [Source:Uniprot/SWISSPROT;Acc:Q9NQG7]
NM_001003828	415	482	626	419	83	315	391	5	664	620	Beta-parvin (Affixin). [Source:Uniprot/SWISSPROT;Acc:Q9HBI1]
NM_206953	141	339	160	851	622	362	742	36	652	417	Melanoma antigen preferentially expressed in tumors (Preferentially expressed antigen of melanoma) (OPA-interacting protein 4) (OIP4). [Source:Uniprot/SWISSPROT;Acc:P78395]
NM_178136	466	228	877	626	285	123	71	615	990	840	Polymerase delta-interacting protein 3 (46 kDa DNA polymerase delta interaction protein) (p46). [Source:Uniprot/SWISSPROT;Acc:Q9BY77]
NM_012407	887	875	252	432	475	540	414	127	866	863	PRKCA-binding protein (Protein kinase C-alpha binding protein) (Protein interacting with C kinase 1). [Source:Uniprot/SWISSPROT;Acc:Q9NRD5]
NM_148674	194	857	525	166	946	82	996	558	650	458	Structural maintenance of chromosome 1-like 2 protein (SMC1beta protein). [Source:Uniprot/SWISSPROT;Acc:Q8NDV3]
NM_014323	18	183	274	376	46	300	668	896	565	964	Zinc finger protein 278 (POZ-, AT hook-, and zinc finger-containing protein) (Zinc finger sarcoma gene protein) (BTB-POZ domain zinc finger transcription factor) (Protein kinase A RI-alpha subunit- associated protein) (Zinc finger and BTB domain containin [Source:Uniprot/SWISSPROT;Acc:Q9HBE1]
NM_003614	651	116	108	587	444	504	390	171	100	222	Galanin receptor type 3 (GAL3-R) (GALR3). [Source:Uniprot/SWISSPROT;Acc:O60755]
NM_015705	456	485	97	977	255	972	745	430	542	663	RUN and TBC1 domain containing 3 [Source:RefSeq_peptide;Acc:NP_056520]
NM_014941	561	689	515	889	273	924	102	53	606	632	MORC family CW-type zinc finger 2 (Zinc finger CW-type coiled-coil domain protein 1). [Source:Uniprot/SWISSPROT;Acc:Q9Y6X9]
NM_152221	287	272	509	585	399	137	980	985	757	399	Casein kinase I, epsilon isoform (EC 2.7.1.-) (CKI-epsilon) (CKIe). [Source:Uniprot/SWISSPROT;Acc:P49674]
NM_133455	131	874	586	853	681	306	603	193	494	336	EMI domain containing protein 1 precursor (Emu1 protein) (Emilin and multimerin-domain containing protein 1). [Source:Uniprot/SWISSPROT;Acc:Q96A84]
NM_152511	190	134	352	344	545	574	593	726	731	69	Dual specificity protein phosphatase 18 (EC 3.1.3.48) (EC 3.1.3.16) (Low molecular weight dual specificity phosphatase 20). [Source:Uniprot/SWISSPROT;Acc:Q8NEJ0]
NM_013378	796	486	23	430	142	764	457	683	627	820	Pre-B lymphocyte protein 3 precursor (VpreB3 protein) (N27C7-2). [Source:Uniprot/SWISSPROT;Acc:Q9UKI3]
NM_021574	996	215	781	517	208	352	35	826	870	173	Breakpoint cluster region protein (EC 2.7.1.-). [Source:Uniprot/SWISSPROT;Acc:P11274]
NM_153615	412	396	403	835	682	696	544	183	649	793	Ral-GDS related protein (hRGR). [Source:Uniprot/SWISSPROT;Acc:Q8IZJ4]
NM_001008697	156	938	719	270	591	234	407	329	511	794	Tuftelin-interacting protein 11. [Source:Uniprot/SWISSPROT;Acc:Q9UBB9]
NM_014876	937	608	558	519	604	737	809	777	30	177	Josephin-1. [Source:Uniprot/SWISSPROT;Acc:Q15040]
NM_002882	389	164	997	361	174	36	992	671	977	570	Ran-specific GTPase-activating protein (Ran binding protein 1) (RanBP1). [Source:Uniprot/SWISSPROT;Acc:P43487]
NM_152253	135	290	125	656	636	450	841	388	444	110	Carnitine O-palmitoyltransferase I, mitochondrial muscle isoform (EC 2.3.1.21) (CPT I) (CPTI-M) (Carnitine palmitoyltransferase 1B) (Carnitine palmitoyltransferase I-like protein). [Source:Uniprot/SWISSPROT;Acc:Q92523]
NM_001017526	318	441	241	605	925	115	435	280	406	326	Rho-GTPase-activating protein 8. [Source:Uniprot/SWISSPROT;Acc:Q9NSG0]
NM_006115	317	654	526	321	30	141	28	412	504	855	Melanoma antigen preferentially expressed in tumors (Preferentially expressed antigen of melanoma) (OPA-interacting protein 4) (OIP4). [Source:Uniprot/SWISSPROT;Acc:P78395]
NM_080740	342	491	27	541	924	625	589	149	651	501	Suppressor of hairy wing homolog 1 (3'OY11.1). [Source:Uniprot/SWISSPROT;Acc:P59817]
NM_145862	676	92	170	4	650	723	608	715	389	46	Serine/threonine-protein kinase Chk2 (EC 2.7.1.37) (Cds1). [Source:Uniprot/SWISSPROT;Acc:O96017]
NM_181834	546	605	329	208	675	707	572	799	21	46	Merlin (Moesin-ezrin-radixin-like protein) (Schwannomin) (Schwannomerlin) (Neurofibromin 2). [Source:Uniprot/SWISSPROT;Acc:P35240]
NM_002473	221	488	167	611	581	24	364	655	401	147	Myosin-9 (Myosin heavy chain, nonmuscle IIa) (Nonmuscle myosin heavy chain IIa) (NMMHC II-a) (NMMHC-IIA) (Cellular myosin heavy chain, type A) (Nonmuscle myosin heavy chain-A) (NMMHC-A). [Source:Uniprot/SWISSPROT;Acc:P35579]
NM_152840	933	90	803	419	888	268	59	532	153	935	Hermansky-Pudlak syndrome 4 protein (Light-ear protein homolog). [Source:Uniprot/SWISSPROT;Acc:Q9NQG7]
NM_014250	866	92	310	627	280	446	264	292	968	558	High-mobility group protein 2-like 1 (HMGBCG protein). [Source:Uniprot/SWISSPROT;Acc:Q9UGU5]
NM_001002880	739	426	929	466	13	501	337	374	791	961	Chibby protein (PKD2 interactor, Golgi and endoplasmic reticulum associated 1) (PIGEA-14) (Cytosolic leucine-rich protein) (HRIHFB2025). [Source:Uniprot/SWISSPROT;Acc:Q9Y3M2]
NM_005207	677	879	631	576	810	391	824	425	143	255	Crk-like protein. [Source:Uniprot/SWISSPROT;Acc:P46109]
NM_138632	134	301	543	631	307	810	165	634	751	949	TRIO and F-actin binding protein (Protein Tara) (Trio-associated repeat on actin). [Source:Uniprot/SWISSPROT;Acc:Q9H2D6]
NM_001001560	841	793	302	447	191	342	470	636	114	382	ADP-ribosylation factor binding protein GGA1 (Golgi-localized, gamma ear-containing, ARF-binding protein 1) (Gamma-adaptin-related protein 1). [Source:Uniprot/SWISSPROT;Acc:Q9UJY5]
NM_024681	81	164	803	439	717	288	962	461	863	73	potassium channel tetramerisation domain containing 17 [Source:RefSeq_peptide;Acc:NP_078957]
NM_005137	358	775	160	240	382	32	679	977	761	690	Integral membrane protein DGCR2/IDD precursor. [Source:Uniprot/SWISSPROT;Acc:P98153]
NM_019601	626	462	96	39	358	410	356	327	160	402	sushi domain containing 2 [Source:RefSeq_peptide;Acc:NP_062547]
NM_031481	12	996	641	291	946	573	198	461	805	242	Mitochondrial glutamate carrier 2 (Glutamate/H(+) symporter 2) (Solute carrier family 25 member 18). [Source:Uniprot/SWISSPROT;Acc:Q9H1K4]
NM_016657	420	215	942	627	866	91	623	822	100	360	ER lumen protein retaining receptor 3 (KDEL receptor 3) (KDEL endoplasmic reticulum protein retention receptor 3). [Source:Uniprot/SWISSPROT;Acc:O43731]
NM_014422	626	191	409	517	920	985	90	22	551	284	Phosphatidylinositol 4,5-bisphosphate 5-phosphatase A (EC 3.1.3.56). [Source:Uniprot/SWISSPROT;Acc:Q15735]
NM_014509	738	86	414	319	411	777	56	687	109	235	Serine hydrolase-like protein (EC 3.1.-.-). [Source:Uniprot/SWISSPROT;Acc:Q9H4I8]
NM_001429	166	502	442	263	914	7	923	95	789	681	E1A-associated protein p300 (EC 2.3.1.48). [Source:Uniprot/SWISSPROT;Acc:Q09472]
NM_001696	774	596	100	370	652	709	782	477	208	398	Vacuolar ATP synthase subunit E (EC 3.6.3.14) (V-ATPase E subunit) (Vacuolar proton pump E subunit) (V-ATPase 31 kDa subunit) (P31). [Source:Uniprot/SWISSPROT;Acc:P36543]
NM_153051	686	736	887	884	983	612	861	461	860	841	Myotubularin-related protein 3 (EC 3.1.3.48) (FYVE domain-containing dual specificity protein phosphatase 1) (FYVE-DSP1) (Zinc finger FYVE domain containing protein 10). [Source:Uniprot/SWISSPROT;Acc:Q13615]
NM_017414	518	657	153	165	405	34	72	764	32	400	Ubl carboxyl-terminal hydrolase 18 (EC 3.1.2.-) (Ubl thiolesterase 18) (ISG15-specific processing protease) (43 kDa ISG15-specific protease) (hUBP43). [Source:Uniprot/SWISSPROT;Acc:Q9UMW8]
NM_198440	685	449	437	728	301	117	939	538	431	518	derlin-3 protein isoform a [Source:RefSeq_peptide;Acc:NP_940842]
NM_014346	957	56	451	862	324	898	664	291	990	590	TBC1 domain family member 22A. [Source:Uniprot/SWISSPROT;Acc:Q8WUA7]
NM_001894	872	753	524	681	158	310	320	749	0	404	Casein kinase I, epsilon isoform (EC 2.7.1.-) (CKI-epsilon) (CKIe). [Source:Uniprot/SWISSPROT;Acc:P49674]
NM_006605	923	63	394	119	355	205	133	975	884	410	Ret finger protein-like 2 (RING finger protein 79). [Source:Uniprot/SWISSPROT;Acc:O75678]
NM_022719	896	265	111	922	319	494	797	136	682	928	DGCR14 protein (DiGeorge syndrome critical region 14) (ES2 protein). [Source:Uniprot/SWISSPROT;Acc:Q96DF8]
NM_016498	333	816	382	796	257	167	850	175	727	38	Mitochondrial 18 kDa protein (MTP18). [Source:Uniprot/SWISSPROT;Acc:Q9UDX5]
NM_007081	59	89	359	43	285	843	326	883	277	146	Rab-like protein 2B. [Source:Uniprot/SWISSPROT;Acc:Q9UNT1]
NM_152878	132	639	491	34	976	330	543	124	84	513	Transcription factor MafF (V-maf musculoaponeurotic fibrosarcoma oncogene homolog F) (U-Maf). [Source:Uniprot/SWISSPROT;Acc:Q9ULX9]
NM_000675	545	252	953	199	464	998	878	880	182	153	Adenosine A2a receptor. [Source:Uniprot/SWISSPROT;Acc:P29274]
NM_002608	697	936	393	638	136	209	5	926	680	24	Platelet-derived growth factor B chain precursor (PDGF B-chain) (Platelet-derived growth factor beta polypeptide) (PDGF-2) (c-sis) (Becaplermin). [Source:Uniprot/SWISSPROT;Acc:P01127]
NM_005008	199	489	362	442	807	295	389	17	157	898	NHP2-like protein 1 (High mobility group-like nuclear protein 2 homolog 1) ([U4/U6.U5] tri-snRNP 15.5 kDa protein) (OTK27). [Source:Uniprot/SWISSPROT;Acc:P55769]
NM_002883	994	849	40	148	444	203	973	47	580	493	Ran GTPase-activating protein 1. [Source:Uniprot/SWISSPROT;Acc:P46060]
NM_001004426	389	792	833	886	928	525	78	333	481	833	85 kDa calcium-independent phospholipase A2 (EC 3.1.1.4) (iPLA2) (CaI- PLA2) (Group VI phospholipase A2) (GVI PLA2). [Source:Uniprot/SWISSPROT;Acc:O60733]
NM_199127	277	296	142	517	281	946	720	676	718	129	Gamma-glutamyltransferase-like protein 4. [Source:Uniprot/SWISSPROT;Acc:Q14390]
NM_152247	976	619	369	870	238	657	933	700	545	284	Carnitine O-palmitoyltransferase I, mitochondrial muscle isoform (EC 2.3.1.21) (CPT I) (CPTI-M) (Carnitine palmitoyltransferase 1B) (Carnitine palmitoyltransferase I-like protein). [Source:Uniprot/SWISSPROT;Acc:Q92523]
NM_012264	588	583	984	798	268	734	369	883	42	97	Putative MAP kinase-activating protein C22orf5 (Putative MAPK- activating protein FM08). [Source:Uniprot/SWISSPROT;Acc:Q9Y519]
NM_007128	926	182	509	774	135	400	628	181	384	960	Immunoglobulin iota chain precursor (V(pre)B protein) (VpreB protein) (CD179a antigen). [Source:Uniprot/SWISSPROT;Acc:P12018]
NM_022044	864	215	598	747	82	210	489	978	77	967	Stromal cell-derived factor 2-like protein 1 precursor (SDF2-like protein 1) (PWP1-interacting protein 8). [Source:Uniprot/SWISSPROT;Acc:Q9HCN8]
NM_001953	598	707	155	636	764	32	669	736	204	498	Thymidine phosphorylase precursor (EC 2.4.2.4) (TdRPase) (TP) (Platelet-derived endothelial cell growth factor) (PD-ECGF) (Gliostatin). [Source:Uniprot/SWISSPROT;Acc:P19971]
NM_024105	916	86	829	749	300	939	984	964	174	87	Dolichyl-P-Man:Man(7)GlcNAc(2)-PP-dolichyl-alpha-1,6- mannosyltransferase (EC 2.4.1.-) (Mannosyltransferase ALG12 homolog) (hALG12) (Membrane protein SB87). [Source:Uniprot/SWISSPROT;Acc:Q9BV10]
NM_000185	237	86	257	235	401	397	35	409	426	462	Heparin cofactor II precursor (HC-II) (Protease inhibitor leuserpin 2) (HLS2). [Source:Uniprot/SWISSPROT;Acc:P05546]
NM_020530	65	688	329	971	569	42	807	513	232	551	Oncostatin M precursor (OSM). [Source:Uniprot/SWISSPROT;Acc:P13725]
NM_182486	702	813	619	793	965	467	104	676	279	693	Complement C1q tumor necrosis factor-related protein 6 precursor. [Source:Uniprot/SWISSPROT;Acc:Q9BXI9]
NM_003932	722	505	996	152	858	550	544	341	163	911	Hsc70-interacting protein (Hip) (Putative tumor suppressor ST13) (Progesterone receptor-associated p48 protein). [Source:Uniprot/SWISSPROT;Acc:P50502]
NM_138415	962	622	618	953	718	387	147	99	470	414	PHD finger protein 21B [Source:RefSeq_peptide;Acc:NP_612424]
NM_014303	684	247	913	930	101	616	386	422	905	281	Pescadillo homolog 1. [Source:Uniprot/SWISSPROT;Acc:O00541]
NM_001002910	391	725	105	188	661	408	163	931	968	6	Cytochrome P450 2D6 (EC 1.14.14.1) (CYPIID6) (P450-DB1) (Debrisoquine 4-hydroxylase). [Source:Uniprot/SWISSPROT;Acc:P10635]
NM_019843	433	68	290	122	985	259	527	922	237	9	Eukaryotic translation initiation factor 4E transporter (eIF4E transporter) (4E-T) (Eukaryotic translation initiation factor 4E nuclear import factor 1). [Source:Uniprot/SWISSPROT;Acc:Q9NRA8]
NM_024053	395	65	285	295	668	603	345	860	429	861	Proliferation associated nuclear element protein 1. [Source:Uniprot/SWISSPROT;Acc:Q9NSP4]
NM_019103	222	451	470	856	186	791	513	264	195	555	zinc finger, matrin type 5 [Source:RefSeq_peptide;Acc:NP_001003692]
NM_003277	395	478	842	139	888	786	951	508	298	198	Claudin-5 (Transmembrane protein deleted in VCFS) (TMDVCF). [Source:Uniprot/SWISSPROT;Acc:O00501]
NM_174977	221	883	501	954	824	576	579	245	364	737	SEC14-like protein 4 (Tocopherol-associated protein 3). [Source:Uniprot/SWISSPROT;Acc:Q9UDX3]
NM_030807	709	182	102	293	450	536	863	877	112	283	Solute carrier family 2, facilitated glucose transporter member 11 (Glucose transporter type 11) (Glucose transporter type 10). [Source:Uniprot/SWISSPROT;Acc:Q9BYW1]
NM_001886	510	2	327	496	418	288	512	592	828	9	Beta crystallin A4 (Beta-A4-crystallin). [Source:Uniprot/SWISSPROT;Acc:P53673]
NM_145733	354	496	509	736	992	722	624	375	42	925	Neuronal-specific septin-3. [Source:Uniprot/SWISSPROT;Acc:Q9UH03]
NM_004327	200	363	124	944	125	319	45	873	61	915	Breakpoint cluster region protein (EC 2.7.1.-). [Source:Uniprot/SWISSPROT;Acc:P11274]
NM_021916	303	188	196	262	51	456	221	586	200	675	Zinc finger protein 70 (Zinc finger protein N27C7-1). [Source:Uniprot/SWISSPROT;Acc:Q9UC06]
NM_001017528	461	477	799	752	545	490	350	170	537	382	Rho-GTPase-activating protein 8. [Source:Uniprot/SWISSPROT;Acc:Q9NSG0]
NM_182810	230	367	931	763	853	859	400	447	750	632	Cyclic-AMP-dependent transcription factor ATF-4 (Activating transcription factor 4) (DNA-binding protein TAXREB67) (Cyclic AMP response element-binding protein 2) (CREB2). [Source:Uniprot/SWISSPROT;Acc:P18848]
NM_004175	739	281	208	855	870	729	630	413	343	9	Small nuclear ribonucleoprotein Sm D3 (snRNP core protein D3) (Sm-D3). [Source:Uniprot/SWISSPROT;Acc:P62318]
NM_005243	273	327	227	33	520	557	801	975	342	252	RNA-binding protein EWS (EWS oncogene) (Ewing sarcoma breakpoint region 1 protein). [Source:Uniprot/SWISSPROT;Acc:Q01844]
NM_181832	948	697	100	954	661	867	357	796	571	2	Merlin (Moesin-ezrin-radixin-like protein) (Schwannomin) (Schwannomerlin) (Neurofibromin 2). [Source:Uniprot/SWISSPROT;Acc:P35240]
NM_181335	842	233	887	255	235	317	683	205	912	76	Rho-GTPase-activating protein 8. [Source:Uniprot/SWISSPROT;Acc:Q9NSG0]
NM_001013436	905	439	330	994	33	206	185	159	783	923	3-mercaptopyruvate sulfurtransferase (EC 2.8.1.2) (MST). [Source:Uniprot/SWISSPROT;Acc:P25325]
NM_053004	13	80	771	824	389	721	531	510	376	782	Guanine nucleotide-binding protein beta subunit-like protein 1 (G protein beta subunit-like protein 1) (WD40 repeat containing protein deleted in VCFS) (WDVCF protein) (DGCRK3). [Source:Uniprot/SWISSPROT;Acc:Q9BYB4]
NM_080646	809	713	379	751	525	26	69	765	315	897	T-box transcription factor TBX1 (T-box protein 1) (Testis-specific T- box protein). [Source:Uniprot/SWISSPROT;Acc:O43435]
NM_144704	526	809	61	668	255	281	318	928	241	464	apoptosis-inducing factor like isoform 1 [Source:RefSeq_peptide;Acc:NP_653305]
NM_001017530	28	977	690	922	453	672	617	363	708	435	Rho-GTPase-activating protein 8. [Source:Uniprot/SWISSPROT;Acc:Q9NSG0]
NM_176874	934	998	821	718	199	920	706	687	679	545	Sulfotransferase 4A1 (EC 2.8.2.-) (Brain sulfotransferase-like protein) (hBR-STL) (hBR-STL-1) (Nervous system sulfotransferase) (NST). [Source:Uniprot/SWISSPROT;Acc:Q9BR01]
NM_033386	979	418	880	635	997	390	210	948	51	540	Molecule interacting with Rab13 (MIRab13) (MICAL-like protein 1). [Source:Uniprot/SWISSPROT;Acc:Q8N3F8]
NM_172002	918	32	103	683	983	201	971	558	83	230	Co-chaperone protein HscB, mitochondrial precursor (Hsc20). [Source:Uniprot/SWISSPROT;Acc:Q8IWL3]
NM_138993	393	291	334	782	840	561	924	129	512	239	Mitogen-activated protein kinase 11 (EC 2.7.1.37) (Mitogen-activated protein kinase p38 beta) (MAP kinase p38 beta) (p38b) (p38-2) (Stress- activated protein kinase 2). [Source:Uniprot/SWISSPROT;Acc:Q15759]
NM_052880	314	157	417	788	166	231	927	206	640	911	HGFL protein [Source:RefSeq_peptide;Acc:NP_443112]
NM_006071	735	788	228	80	606	496	780	499	836	206	Polycystic kidney disease and receptor for egg jelly related protein precursor (PKD and REJ homolog). [Source:Uniprot/SWISSPROT;Acc:Q9NTG1]
NM_005877	869	327	818	633	162	629	634	191	954	422	Splicing factor 3 subunit 1 (Spliceosome associated protein 114) (SAP 114) (SF3a120). [Source:Uniprot/SWISSPROT;Acc:Q15459]
NM_145731	58	588	504	262	905	433	355	932	100	626	Synaptogyrin-1. [Source:Uniprot/SWISSPROT;Acc:O43759]
NM_003661	270	242	401	825	962	481	169	773	253	552	Apolipoprotein-L1 precursor (Apolipoprotein L-I) (Apolipoprotein L) (ApoL-I) (Apo-L) (ApoL). [Source:Uniprot/SWISSPROT;Acc:O14791]
NM_134270	86	744	836	317	246	921	285	189	501	963	Smoothelin. [Source:Uniprot/SWISSPROT;Acc:P53814]
NM_181492	473	501	491	548	62	673	249	186	200	728	Transcription factor 20 (Stromelysin 1 PDGF-responsive element-binding protein) (SPRE-binding protein) (Nuclear factor SPBP) (AR1). [Source:Uniprot/SWISSPROT;Acc:Q9UGU0]
NM_001127	794	63	108	171	614	210	694	765	452	782	Adapter-related protein complex 1 beta 1 subunit (Beta-adaptin 1) (Adaptor protein complex AP-1 beta-1 subunit) (Golgi adaptor HA1/AP1 adaptin beta subunit) (Clathrin assembly protein complex 1 beta large chain). [Source:Uniprot/SWISSPROT;Acc:Q10567]
NM_001003406	856	252	295	708	630	518	971	524	849	270	Voltage-dependent T-type calcium channel alpha-1I subunit (Voltage- gated calcium channel alpha subunit Cav3.3) (Ca(v)3.3). [Source:Uniprot/SWISSPROT;Acc:Q9P0X4]
NM_007068	270	639	445	724	986	836	79	362	785	284	Meiotic recombination protein DMC1/LIM15 homolog. [Source:Uniprot/SWISSPROT;Acc:Q14565]
NM_001008658	236	267	318	837	443	81	468	908	779	118	Gamma-tubulin complex component 6 (GCP-6). [Source:Uniprot/SWISSPROT;Acc:Q96RT7]
NM_003634	149	694	320	649	564	40	675	906	318	715	NipSnap1 protein. [Source:Uniprot/SWISSPROT;Acc:Q9BPW8]
NM_005488	283	834	302	388	615	105	752	79	931	456	Target of Myb protein 1. [Source:Uniprot/SWISSPROT;Acc:O60784]
NM_001098	382	374	778	850	14	177	843	515	589	289	Aconitate hydratase, mitochondrial precursor (EC 4.2.1.3) (Citrate hydro-lyase) (Aconitase). [Source:Uniprot/SWISSPROT;Acc:Q99798]
NM_021076	353	382	982	587	661	948	527	87	177	112	Neurofilament triplet H protein (200 kDa neurofilament protein) (Neurofilament heavy polypeptide) (NF-H). [Source:Uniprot/SWISSPROT;Acc:P12036]
NM_006485	644	674	299	0	489	784	509	313	28	807	Fibulin-1 precursor. [Source:Uniprot/SWISSPROT;Acc:P23142]
NM_145912	274	238	440	504	924	437	255	214	160	171	NFAT activation molecule 1 precursor (Calcineurin/NFAT-activating ITAM-containing protein) (NFAT activating protein with ITAM motif 1). [Source:Uniprot/SWISSPROT;Acc:Q8NET5]
NM_001008572	135	133	333	54	707	447	176	510	350	603	Tubulin tyrosine ligase-like protein 1. [Source:Uniprot/SWISSPROT;Acc:O95922]
NM_006855	124	423	337	487	888	45	253	808	436	676	ER lumen protein retaining receptor 3 (KDEL receptor 3) (KDEL endoplasmic reticulum protein retention receptor 3). [Source:Uniprot/SWISSPROT;Acc:O43731]
NM_020831	86	459	42	147	890	134	552	644	443	988	MKL/myocardin-like protein 1 (Myocardin-related transcription factor A) (MRTF-A) (Megakaryoblastic leukemia 1 protein) (Megacaryocytic acute leukemia protein). [Source:Uniprot/SWISSPROT;Acc:Q969V6]
NM_053006	525	901	794	622	417	291	111	165	441	854	Testis-specific serine/threonine-protein kinase 2 (EC 2.7.1.37) (TSSK- 2) (Testis-specific kinase 2) (TSK-2) (Serine/threonine-protein kinase 22B) (DiGeorge syndrome protein G). [Source:Uniprot/SWISSPROT;Acc:Q96PF2]
NM_004286	729	750	284	782	816	146	321	400	550	847	GTP-binding protein 1 (G-protein 1) (GP-1) (GP1). [Source:Uniprot/SWISSPROT;Acc:O00178]
NM_006358	485	176	228	379	456	781	193	127	320	743	Peroxisomal membrane protein PMP34 (34 kDa peroxisomal membrane protein) (Solute carrier family 25 member 17). [Source:Uniprot/SWISSPROT;Acc:O43808]
NM_002872	13	445	353	715	787	346	85	901	11	536	Ras-related C3 botulinum toxin substrate 2 (p21-Rac2) (Small G protein) (GX). [Source:Uniprot/SWISSPROT;Acc:P15153]
NM_000398	315	653	892	93	209	789	532	551	154	653	NADH-cytochrome b5 reductase (EC 1.6.2.2) (B5R) (Diaphorase-1) (Cytochrome b5 reductase 3) [Contains: NADH-cytochrome b5 reductase membrane bound form; NADH-cytochrome b5 reductase soluble form]. [Source:Uniprot/SWISSPROT;Acc:P00387]
NM_004981	865	694	525	452	786	816	14	891	344	751	Inward rectifier potassium channel 4 (Potassium channel, inwardly rectifying subfamily J member 4) (Inward rectifier K(+) channel Kir2.3) (Hippocampal inward rectifier) (HIR) (HRK1) (HIRK2). [Source:Uniprot/SWISSPROT;Acc:P48050]
NM_181773	671	660	432	436	337	781	865	302	599	353	ARP10 protein [Source:RefSeq_peptide;Acc:NP_861438]
NM_001003681	256	266	939	738	599	605	228	701	966	506	High-mobility group protein 2-like 1 (HMGBCG protein). [Source:Uniprot/SWISSPROT;Acc:Q9UGU5]
NM_002415	220	550	214	548	210	798	125	928	496	385	Macrophage migration inhibitory factor (MIF) (Phenylpyruvate tautomerase) (EC 5.3.2.1) (Glycosylation-inhibiting factor) (GIF). [Source:Uniprot/SWISSPROT;Acc:P14174]
NM_001031695	866	684	825	982	197	720	453	420	310	893	RNA-binding protein 9 (RNA-binding motif protein 9) (Hexaribonucleotide binding protein 2) (Repressor of tamoxifen transcriptional activity). [Source:Uniprot/SWISSPROT;Acc:O43251]
NM_007311	0	770	726	962	733	95	139	667	455	429	Peripheral-type benzodiazepine receptor (PBR) (PKBS) (Mitochondrial benzodiazepine receptor). [Source:Uniprot/SWISSPROT;Acc:P30536]
NM_001008566	631	722	638	989	146	15	971	167	641	776	Protein-tyrosine sulfotransferase 2 (EC 2.8.2.20) (Tyrosylprotein sulfotransferase-2) (TPST-2). [Source:Uniprot/SWISSPROT;Acc:O60704]
NM_002972	965	328	817	7	785	947	837	961	959	112	SET binding factor 1 (Sbf1) (Myotubularin-related protein 5). [Source:Uniprot/SWISSPROT;Acc:O95248]
NM_015088	936	928	112	931	332	142	399	867	334	62	Trinucleotide repeat-containing 6B protein. [Source:Uniprot/SWISSPROT;Acc:Q9UPQ9]
NM_003504	783	543	72	817	804	29	740	108	22	166	CDC45-related protein (PORC-PI-1). [Source:Uniprot/SWISSPROT;Acc:O75419]
NM_175709	761	330	763	942	782	210	337	453	910	728	Chromobox protein homolog 7. [Source:Uniprot/SWISSPROT;Acc:O95931]
NM_148176	393	491	89	620	539	271	17	228	922	354	Peptidyl-prolyl cis-trans isomerase-like 2 (EC 5.2.1.8) (PPIase) (Rotamase) (Cyclophilin-60) (Cyclophilin-like protein Cyp-60). [Source:Uniprot/SWISSPROT;Acc:Q13356]
NM_178552	536	983	887	267	864	314	398	882	607	244	Protein EAN57. [Source:Uniprot/SWISSPROT;Acc:O43247]
NM_000754	360	59	943	466	514	603	880	186	46	53	Catechol O-methyltransferase (EC 2.1.1.6). [Source:Uniprot/SWISSPROT;Acc:P21964]
NR_001580	9	500	574	348	643	593	668	884	756	546	syndecan 4 pseudogene (SDC4P) on chromosome 22 [Source:RefSeq_dna;Acc:NR_001580]
NM_058178	566	10	630	27	225	483	613	644	379	918	Neuronal pentraxin receptor. [Source:Uniprot/SWISSPROT;Acc:O95502]
NM_013356	888	247	760	767	676	964	125	845	762	238	Monocarboxylate transporter 3 (MCT 3). [Source:Uniprot/SWISSPROT;Acc:O95907]
NM_007172	259	956	756	659	603	632	7	873	666	518	Nucleoporin 50 kDa (Nuclear pore-associated protein 60 kDa-like). [Source:Uniprot/SWISSPROT;Acc:Q9UKX7]
NM_014293	552	334	878	447	32	200	32	727	958	142	Neuronal pentraxin receptor. [Source:Uniprot/SWISSPROT;Acc:O95502]
NM_005138	989	663	257	349	780	865	482	513	781	357	SCO2 protein homolog, mitochondrial precursor. [Source:Uniprot/SWISSPROT;Acc:O43819]
NM_015373	607	71	103	28	804	495	862	445	119	894	Chibby protein (PKD2 interactor, Golgi and endoplasmic reticulum associated 1) (PIGEA-14) (Cytosolic leucine-rich protein) (HRIHFB2025). [Source:Uniprot/SWISSPROT;Acc:Q9Y3M2]
NM_014310	482	576	443	730	684	434	686	910	329	194	GTP-binding protein Rhes (Ras homolog enriched in striatum) (Tumor endothelial marker 2). [Source:Uniprot/SWISSPROT;Acc:Q96D21]
NM_015367	567	51	751	798	918	187	760	586	913	706	Bcl-2-like 13 protein (Mil1 protein) (Bcl-rambo). [Source:Uniprot/SWISSPROT;Acc:Q9BXK5]
NM_021090	952	986	128	800	489	789	838	203	15	48	Myotubularin-related protein 3 (EC 3.1.3.48) (FYVE domain-containing dual specificity protein phosphatase 1) (FYVE-DSP1) (Zinc finger FYVE domain containing protein 10). [Source:Uniprot/SWISSPROT;Acc:Q13615]
NM_014349	450	497	844	120	496	783	94	893	73	976	Apolipoprotein-L3 (Apolipoprotein L-III) (ApoL-III) (TNF-inducible protein CG12-1) (CG12_1). [Source:Uniprot/SWISSPROT;Acc:O95236]
NM_025225	914	733	142	520	469	161	606	803	821	819	Adiponutrin (iPLA2-epsilon) [Includes: Triacylglycerol lipase (EC 3.1.1.3); Acylglycerol O-acyltransferase (EC 2.3.1.-)]. [Source:Uniprot/SWISSPROT;Acc:Q9NST1]
NM_007032	551	44	386	733	569	945	107	419	573	884	TRIO and F-actin binding protein (Protein Tara) (Trio-associated repeat on actin). [Source:Uniprot/SWISSPROT;Acc:Q9H2D6]
NM_001197	7	858	0	927	265	866	810	445	497	906	Bcl-2 interacting killer (Apoptosis inducer NBK) (BP4) (BIP1). [Source:Uniprot/SWISSPROT;Acc:Q13323]
NM_001003789	199	619	370	850	414	604	228	747	589	648	Rab-like protein 2B. [Source:Uniprot/SWISSPROT;Acc:Q9UNT1]
NM_000714	862	110	11	933	113	757	704	431	430	752	Peripheral-type benzodiazepine receptor (PBR) (PKBS) (Mitochondrial benzodiazepine receptor). [Source:Uniprot/SWISSPROT;Acc:P30536]
NM_030643	759	547	62	446	302	837	35	189	516	576	Apolipoprotein-L4 precursor (Apolipoprotein L-IV) (ApoL-IV). [Source:Uniprot/SWISSPROT;Acc:Q9BPW4]
NM_015094	564	708	606	469	59	707	145	263	394	707	Hypermethylated in cancer 2 protein (Hic-2) (Hic-3) (HIC1-related gene on chromosome 22) (Zinc finger and BTB domain containing protein 30). [Source:Uniprot/SWISSPROT;Acc:Q96JB3]
NM_003490	664	576	568	659	939	686	446	374	839	591	Synapsin-3 (Synapsin III). [Source:Uniprot/SWISSPROT;Acc:O14994]
NM_006498	709	277	172	107	688	541	420	286	230	117	Galectin-2 (Beta-galactoside-binding lectin L-14-II) (Lactose-binding lectin 2) (S-Lac lectin 2) (HL14). [Source:Uniprot/SWISSPROT;Acc:P05162]
NM_001355	773	943	248	693	366	561	125	124	130	366	D-dopachrome tautomerase (EC 5.3.3.-) (Phenylpyruvate tautomerase II). [Source:Uniprot/SWISSPROT;Acc:P30046]
NM_005992	615	346	161	851	403	325	12	522	977	53	T-box transcription factor TBX1 (T-box protein 1) (Testis-specific T- box protein). [Source:Uniprot/SWISSPROT;Acc:O43435]
NM_133632	811	164	980	142	623	383	674	29	949	740	Synapsin-3 (Synapsin III). [Source:Uniprot/SWISSPROT;Acc:O14994]
NM_024627	703	336	776	217	783	410	80	337	493	575	Guanine nucleotide-binding protein beta subunit-like protein 1 (G protein beta subunit-like protein 1) (WD40 repeat containing protein deleted in VCFS) (WDVCF protein) (DGCRK3). [Source:Uniprot/SWISSPROT;Acc:Q9BYB4]
NM_145730	194	685	821	130	941	139	611	621	938	566	Adapter-related protein complex 1 beta 1 subunit (Beta-adaptin 1) (Adaptor protein complex AP-1 beta-1 subunit) (Golgi adaptor HA1/AP1 adaptin beta subunit) (Clathrin assembly protein complex 1 beta large chain). [Source:Uniprot/SWISSPROT;Acc:Q10567]
NM_014309	581	422	988	293	58	149	953	103	89	950	RNA-binding protein 9 (RNA-binding motif protein 9) (Hexaribonucleotide binding protein 2) (Repressor of tamoxifen transcriptional activity). [Source:Uniprot/SWISSPROT;Acc:O43251]
NM_138814	15	69	91	189	748	977	683	565	884	645	patatin-like phospholipase domain containing 5 [Source:RefSeq_peptide;Acc:NP_620169]
NM_052945	868	191	195	902	220	676	395	516	220	718	Tumor necrosis factor receptor superfamily member 13C (B cell- activating factor receptor) (BAFF receptor) (BAFF-R) (BLyS receptor 3). [Source:Uniprot/SWISSPROT;Acc:Q96RJ3]
NM_145343	457	850	414	264	271	530	540	758	34	900	Apolipoprotein-L1 precursor (Apolipoprotein L-I) (Apolipoprotein L) (ApoL-I) (Apo-L) (ApoL). [Source:Uniprot/SWISSPROT;Acc:O14791]
NM_003216	284	503	275	551	810	674	943	707	744	17	Thyrotroph embryonic factor. [Source:Uniprot/SWISSPROT;Acc:Q10587]
NM_020243	441	738	740	760	20	601	306	761	446	462	Mitochondrial import receptor subunit TOM22 homolog (Translocase of outer membrane 22 kDa subunit homolog) (hTom22) (1C9-2). [Source:Uniprot/SWISSPROT;Acc:Q9NS69]
NM_003776	37	441	339	311	911	519	90	833	805	85	39S ribosomal protein L40, mitochondrial precursor (L40mt) (MRP-40) (Nuclear localization signal containing protein deleted in velocardiofacial syndrome) (Up-regulated in metastasis). [Source:Uniprot/SWISSPROT;Acc:Q9NQ50]
NM_181333	769	313	891	40	918	870	60	444	650	798	Rho-GTPase-activating protein 8. [Source:Uniprot/SWISSPROT;Acc:Q9NSG0]
NM_022141	44	787	950	279	375	725	588	276	849	316	Gamma-parvin. [Source:Uniprot/SWISSPROT;Acc:Q9HBI0]
NR_002184	548	864	652	274	386	794	791	284	408	565	Gastric cancer antigen Zg14. [Source:Uniprot/SWISSPROT;Acc:Q9Y3A4]
NM_006078	12	900	95	787	823	73	664	116	820	812	Voltage-dependent calcium channel gamma-2 subunit (Neuronal voltage- gated calcium channel gamma-2 subunit). [Source:Uniprot/SWISSPROT;Acc:Q9Y698]
NM_014338	184	547	942	47	137	332	825	186	849	324	phosphatidylserine decarboxylase [Source:RefSeq_peptide;Acc:NP_055153]
NM_021115	906	430	689	15	434	356	432	48	54	809	Seizure 6-like protein precursor. [Source:Uniprot/SWISSPROT;Acc:Q9BYH1]
NM_152246	717	495	101	633	975	674	274	266	765	786	Carnitine O-palmitoyltransferase I, mitochondrial muscle isoform (EC 2.3.1.21) (CPT I) (CPTI-M) (Carnitine palmitoyltransferase 1B) (Carnitine palmitoyltransferase I-like protein). [Source:Uniprot/SWISSPROT;Acc:Q92523]
NM_024866	850	744	896	158	78	128	261	371	921	899	ADM2 precursor (Intermedin) [Contains: Adrenomedullin-2 (Intermedin- long) (IMDL); Intermedin-short (IMDS)]. [Source:Uniprot/SWISSPROT;Acc:Q7Z4H4]
NM_153645	786	52	809	346	383	616	536	481	341	731	Nucleoporin 50 kDa (Nuclear pore-associated protein 60 kDa-like). [Source:Uniprot/SWISSPROT;Acc:Q9UKX7]
NM_197966	980	505	42	800	794	367	409	233	722	444	BH3 interacting domain death agonist (BID). [Source:Uniprot/SWISSPROT;Acc:P55957]
NM_145641	2	781	694	863	164	740	372	516	114	275	Apolipoprotein-L3 (Apolipoprotein L-III) (ApoL-III) (TNF-inducible protein CG12-1) (CG12_1). [Source:Uniprot/SWISSPROT;Acc:O95236]
NM_006477	276	276	411	670	177	467	679	771	890	102	Ras-like protein RRP22 (RAS-related protein on chromosome 22). [Source:Uniprot/SWISSPROT;Acc:Q92737]
